idcliente,municipio
1,CHAPELTIQUE
100,CHAPELTIQUE
103,CHAPELTIQUE
104,CHAPELTIQUE
105,CHAPELTIQUE
107,CHAPELTIQUE
115,CHAPELTIQUE
116,CHAPELTIQUE
117,CHAPELTIQUE
118,CHAPELTIQUE
119,CHAPELTIQUE
121,CHAPELTIQUE
129,CHAPELTIQUE
133,CHAPELTIQUE
161,CHAPELTIQUE
165,CHAPELTIQUE
175,MONCAGUA
176,CHAPELTIQUE
37,CHAPELTIQUE
44,SAN MIGUEL
46,SAN MIGUEL
47,SAN MIGUEL
48,SAN MIGUEL
49,SAN MIGUEL
50,SAN MIGUEL
51,SAN MIGUEL
52,SAN MIGUEL
53,SAN MIGUEL
54,SAN MIGUEL
55,CHAPELTIQUE
57,MONCAGUA
67,SAN MIGUEL
68,SAN MIGUEL
69,SAN MIGUEL
70,SAN MIGUEL
71,SAN MIGUEL
72,SAN MIGUEL
73,SAN MIGUEL
74,SAN MIGUEL
75,SAN MIGUEL
76,SAN MIGUEL
78,SAN MIGUEL
79,SAN MIGUEL
80,SAN MIGUEL
81,SAN MIGUEL
82,SAN MIGUEL
83,SAN MIGUEL
84,SAN MIGUEL
85,SAN MIGUEL
86,SAN MIGUEL
87,SAN MIGUEL
88,SAN MIGUEL
89,SAN MIGUEL
90,SAN MIGUEL
91,SAN MIGUEL
92,SAN MIGUEL
93,SAN MIGUEL
94,CHAPELTIQUE
95,SAN MIGUEL
96,SAN MIGUEL
97,SAN MIGUEL
98,SAN MIGUEL
131,CHAPELTIQUE
181,CHAPELTIQUE
192,SAN MIGUEL
193,SAN MIGUEL
194,SAN MIGUEL
195,SAN MIGUEL
196,SAN MIGUEL
197,SAN MIGUEL
01,CHAPELTIQUE
198,SAN MIGUEL
199,SAN MIGUEL
201,SAN MIGUEL
203,SAN MIGUEL
204,SAN MIGUEL
207,SAN MIGUEL
208,SAN MIGUEL
209,SAN MIGUEL
210,SAN MIGUEL
212,SAN MIGUEL
213,SAN MIGUEL
222,MORAZAN
223,SAN MIGUEL
225,SAN MIGUEL
226,SAN MIGUEL
228,SAN MIGUEL
229,SAN MIGUEL
230,SAN MIGUEL
231,SAN MIGUEL
232,SAN MIGUEL
233,SAN MIGUEL
237,SAN MIGUEL
238,SAN MIGUEL
239,SAN MIGUEL
128,SAN MIGUEL
242,SAN MIGUEL
243,SAN MIGUEL
244,SAN MIGUEL
245,SAN MIGUEL
246,CAROLINA
247,CHAPELTIQUE
248,SAN MIGUEL
249,SAN MIGUEL
250,SAN MIGUEL
259,SAN MIGUEL
260,SAN MIGUEL
261,SAN MIGUEL
263,SAN MIGUEL
265,SAN MIGUEL
267,SAN MIGUEL
268,SAN MIGUEL
269,SAN MIGUEL
270,SAN MIGUEL
271,SAN MIGUEL
272,SAN MIGUEL
277,SAN MIGUEL
278,CHAPELTIQUE
280,SAN MIGUEL
282,SAN MIGUEL
283,SAN MIGUEL
285,SAN MIGUEL
288,CHAPELTIQUE
290,SAN MIGUEL
291,SAN MIGUEL
293,SAN MIGUEL
294,SAN MIGUEL
295,SAN MIGUEL
296,SAN MIGUEL
298,SAN MIGUEL
300,SAN MIGUEL
302,SAN MIGUEL
304,SAN MIGUEL
305,SAN MIGUEL
306,SAN MIGUEL
307,SAN MIGUEL
317,SAN MIGUEL
319,SAN MIGUEL
322,SAN MIGUEL
326,SAN MIGUEL
327,MARAZAN
331,SAN MIGUEL
334,SAN MIGUEL
335,SAN MIGUEL
336,SAN MIGUEL
337,SAN MIGUEL
338,SAN MIGUEL
339,SAN MIGUEL
340,SAN MIGUEL
341,SAN MIGUEL
342,SAN MIGUEL
343,SAN MIGUEL
344,SAN MIGUEL
345,SAN MIGUEL
346,SAN MIGUEL
347,SAN MIGUEL
348,SAN MIGUEL
349,SAN MIGUEL
350,SAN MIGUEL
351,SAN MIGUEL
352,SAN MIGUEI
353,SAN MIGUEL
365,SAN MIGUEL
367,SAN MIGUEL
372,SAN MIGUEL
373,SAN MIGUEL
378,SAN MIGUEL
380,SAN MIGUEL
387,SAN MIGUEL
390,SAN MIGUEL
391,SAN MIGUEL
392,SAN MIGUEL
393,SAN MIGUEL
395,SAN MIGUEL
396,SAN MIGUEL
405,GUATAJIAGUA
409,CAPELTIQUE
412,CHAPELTIQUE
415,CIUDAD BARRIOS..
417,CIUDAD BARRIOS
418,CHAPELTIQUE
420,CHAPELTIQUE
421,USULUTAN
424,CHAPELTIQUE
425,CHAPELTIQUE
426,CHAPELTIQUE
427,CHAPELTIQUE
428,CHAPELTIQUE
429,CHAPELTIQUE
430,CHAPELTIQUE
434,CHAPELTIQUE
439,CHAPELTIQUE
445,GUATAJIAGUA
447,CHAPELTIQUE
448,CHAPELTIQUE
450,CHAPELTIQUE
451,CHAPELTIQUE
457,CHAPELTIQUE
458,CHAPELTIQUE
459,CHAPELTIQUE
461,CHAPELTIQUE
463,CHAPELTIQUE
464,CHAPELTIQUE
466,CHAPELTIQUE
467,CHAPELTIQUE
468,CHAPELTIQUE
469,CHAPELTIQUE
471,CHAPELTIQUE
473,CHAPELTIQUE
478,CHAPELTIQUE
479,CHAPELTIQUE
486,CHAPELTIQUE
489,CHAPELTIQUE
491,CHAPELTIQUE
492,CHAPELTIQUE
493,CHAPELTIQUE
494,SAN GERARDO
497,CHAPELTIQUE
499,CHAAPELTIQUE
501,CIUDAD BARRIOS
502,CHAPELTIQUE
505,CHAPELTIQUE
510,CHAPELTIQUE
511,CHAPELTIQUE
514,CHAPELTIQUE
516,MONCAGUA
517,CHAPELTIQUE
519,CHAPELTIQUE
520,CHAPELTIQUE
524,CHAPELTIQUE
525,CHAPELTIQUE
526,CHAPELTIQUE
527,SESORI
528,CHAPELTIQUE
MARIA533,CHAPELTIQUE
533,CHAPELTIQUE
534,CHAPELTIQUE
535,CHAPELTIQUE
537,CHAPELTIQUE
539,CHAPELTIQUE
541,MONCAGUA
544,CIUDAD BARRIOS
545,CHAPELTIQUE
546,CHAPELTIQUE
548,CHAPELTIQUE
551,CHAPELTIQUE
552,CHAPELTIQUE
553,CHAPELTIQUE
556,CHAPELTIQUE
558,CHAPELTIQUE
559,CHAPELTIQUE
560,CHAPELTIQUE
561,CHAPELTIQUE
562,CHAPELTIQUE
570,CHAPELTIQUE
572,CHAPELTIQUE
573,CHAPELTIQUE
574,CHAPELTIQUE
575,CHAPELTIQUE
576,CHAPELTIQUE
577,CHAPELTIQUE
578,CHAPELTIQUE
579,CHAPELTIQUE
580,CHAPELTIQUE
581,CHAPELTIQUE
586,CHAPELTIQUE
587,CHAPELTIQUE
588,CHAPELTIQUE
589,CHAPELTIQUE
590,CIUDAD BARRIOS
591,CHAPELTIQUE
592,CHAPELTIQUE
593,CHAPELTIQUE
594,CHAPELTIQUE
595,CHAPELTIQUE
596,CHAPELTIQUE
598,GUATAJIAGUA
600,CHAPELTIQUE
601,CHAPELTIQUE
602,CHAPELTIQUE
603,CHAPELTIQUE
604,GUATAJIAGUA
606,GUATAJIAGUA
607,GUATAJIAGUA
608,CHAPELTIQUE
610,CHAPELTIQUE
611,CHAPELTIQUE
612,CHAPELTIQUE
613,CHAPELTIQUE
614,CHAPELTIQUE
615,CHAPELTIQUE
617,CHAPELTIQUE
619,GUATAJIAGUA
620,CHAPELTIQUE
621,CHAPELTIQUE
622,MORAZAN
623,CHAPELTIQUE
624,CHAPELTIQUE
625,CHAPELTIQUE
626,CHAPELTIQUE
627,CHAPELTIQUE
628,CHAPELTIQUE
629,GUATAJIAGUA
630,CHAPELTIQUE
631,CHAPELTIQUE
632,CHAPELTIQUE
633,CHAPELTIQUE
634,GUATAJIAGUA
635,SAN MIGUEL
638,CHAPELTIQUE
639,CHAPELTIQUE
640,CHAPELTIQUE
641,CHAPELTIQUE
645,CHAPELTIQUE
646,CHAPELTIQUE
647,CHAPELTIQUE
648,CHAPELTIQUE
649,CHAPELTIQUE
650,GUATAJIAGUA
651,CHAPELTIQUE
652,CHAPELTIQUE
653,CHAPELTIQUE
655,CHAPELTIQUE
656,CHAPELTIQUE
657,CHAPELTIQUE
658,CHAPELTIQUE
660,GUATAJIAGUA
664,CHAPELTIQUE
667,CHAPELTIQUE
669,CHAPELTIQUE
670,CAROLINA
671,CHAPELTIQUE
672,CHAPELTIQUE
673,CHAPELTIQUE
675,CHAPELTIQUE
676,CHAPELTIQUE
677,CHAPELTIQUE
678,CHAPELTIQUE
679,CHAPELTIQUE
680,CHAPELTIQUE
681,CHAPELTIQUE
682,GUATAJIAGUA
684,GUATAJIAGUA
685,CHAPELTIQUE
687,GUATAJIAGUA MORAZAN
690,CHAPELTIQUE
691,GUATAJIAGUA
692,CHAPELTIQUE
693,CHAPELTIQUE
694,CHAPELTIQUE
695,CHAPELTIQUE
697,CHAP.
699,CHAPELTIQUE
700,CHAPELTIQUE
701,CHAPELTIQUE
973,CHAPELTIQUE
975,COL LA PAZ CHAPELTIQ
976,CHAPELTIQUE
978,CHAPELTIQUE
979,CHAPELTIQUE
980,CHAPELTIQUE
981,CHAPELTIQUE
983,CHAPELTIQUE
984,CHAPELTIQUE
986,GUATAJIAGUA MORAZAN
988,CHAPELTIQUE
990,CHAPELTIQUE
991,CHAPELTIQUE
993,CHAPELTIQUE
994,SESORI
995,GUATAJIAGUA
996,CHAPELTIQUE
997,CHAPELTIQUE
998,CHAPELTIQUE
999,CHAPELTIQUE
1000,CHINAMECA
1006,CHAPELTIQUE
1010,CHAPELTIQUE
1011,CIUDAD BARRIOS
1016,CHAPELTIQUE
1017,CHAPELTIQIUE
1028,SESORI
1032,CHAPELTIQUE
1034,CHAPELTIQUE
1037,CHAPELTIQUE
RO1039,GUATAJIAGUA
1040,CHAPELTIQUE
1042,CHAPELTIQUE
1043,CHAPELTIQUE
1044,CHAPELTIQUE
1047,CIUDAD BARRIOS
1053,CHAPELTIQUE
1055,CHAPELTIQUE
1066,CHAPELTIQUE
1067,CHAPELTIQUE
1070,CHAPELTIQUE
1071,CHAPELTIQUE
1072,CHAPELTIQUE
1074,CHAPELTIQUE
1076,GUATAJIAGUA
1078,CHAPELTIQUE
1084,CHAPELTIQUE
1086,CHAPELTIQUE
1087,CHAPELTIQUE
1088,CHAPELTIQUE
1092,CHAPELTIQUE
1095,CHAPELTIQUE
1102,CHAPELTIQUE
1103,CHAPELTIQUE
1111,GUATAJIAGUA
1119,CHAPELTIQUE
1122,CHAPELTIQUE
1123,CHAPELTIQUE
1124,CHAPELTIQUE
1133,CHAPELTIQUE
1136,CHAPELTIQUE
1138,CHAPELTIQUE
1140,CHAPELTIQUE
1143,CHAPELTIQUE
1144,CHAPELTIQUE
1153,CHAPELTIQUE
1168,COL LA PAZ CHAPELTIQ
1173,MONCAGUA
1179,CHAPELTIQUE
1188,CHAPELTIQUE
1195,CHAPELTIQUE
1199,GUATAJIAGUA
1201,CHAPELTIQUE
1203,CHAPELTIQUE
1204,CHAPELTIQUE
1205,CHAPELTIQUE
1206,CHAPELTIQUE
1207,CHAPELTIQUE
1208,GUATAJIAGUA
1212,CHAPELTIIQUE
1213,CHAPELTIQUE
1219,CHAPELTIQUE
1222,CHAPETIQUE
1224,CHAPELTIQUE
1225,CHAPELTIQUE
1226,CH APELTIQUE
1229,CHAPELTIQUE
1230,CHAPELTIQUE
1231,SAN  MIGUEL
1233,CHAPELTIQUE
1234,CHAPELTIQUE
1237,CHAPELTIUE
1248,CHAPEL TIQUE
1250,CHAPELTIQUE
1256,CHAPELTIQUE
1257,CHAPELTIQUE
1258,CHAPELTIQUE
1259,CHAPELTIQUE
1265,GUATAJIAGUA
1266,CHAPELTIQUE
1269,GUATAJIAGUA
1271,CHAPELTIQUE
1272,CHAPELTIQUE
1274,CHAPELTIQUE
1277,CHAPELTIQUE
1284,CHAPELTIQUE
1285,CHPELTIQUE
1286,CHAPELTIQUE
1287,CHAPELTIQUE
1289,GOTERA
1292,CHAPELTIQUE
1297,CHAPELTIQUE
1298,CHAPELTIQUE
1299,CHAPELTIQUE
1307,CHAPELTIQUE
C1037,CHAPELTIQUE
C1038,CHAPELTIQUE
C1039,CHAPELTIQUE
C1040,CHAPELTIQUE
C1041,CAROLINA
C1042,CHAPELTIQUE
C1043,CHAPELTIQUE
C1044,CHAPELTIQUE
C1045,CHAPELTIQUE
C1046,CHAPELTIQUE
C1047,CHAPELTIQUE
C1048,CHAPELTIQUE
C1049,CHAPELTIQUE
C1050,CHAPELTIQUE
C1051,CHAPELTIQUE
P1,CHAPELTIQUE
C1052,CHAPELTIQUE
C1053,SAN MARTIN
C1054,CHAPELTIQUE
C1055,CHAPELTIQUE
0001,CHAPELTIQUE
C1056,GUATAJIAGUA
C1057,CHAPELTIQUE
C1058,CHAPELTIQUE
C1059,CHAPELTIQUE
C1060,CHAPELTIQUE
C1061,CHAPELTIQUE
C1062,CHAPELTIQUE
C1063,CHAPELTIQUE
C1064,CHAPELTIQUE
C1065,GUATAJIAGUA
C1066,GUATAJIAGUA
C1067,CHINAMECA
C1068,CHAPELTIQUE
C1069,CHAPELTIQUE
C1070,GUATAJIAGUA
C1071,CHAPELTIQUE
P3,CHAPELTIQUE
C1072,CHAPELTIQUE
C1073,CHAPELTIQUE
C1074,CHAPELTIQUE
C1075,CHAPELTIQUE
C1076,CHAPELTIQUE
C1077,MONCAGUA
C1078,MONCAGUA
C1079,CHAPELTIQUE
C1080,CHAPELTIQUE
C1081,CHAPELTIQUE
C1082,CHAPELTIQUE
C1083,CHAPELTIQUE
C1084,CHAPELTIQUE
C1085,CHAPELTIQUE
C1086,CHAPELTIQUE
C1087,CHAPELTIQUE
C1088,CHAPELTIQUE
C1089,CHAPELTIQUE
C1090,CHAPELTIQUE
C1091,CHAPELTIQUE
C1092,GUATAJIAGUA
C1093,GUATAJIAGUA
C1094,CHIRILAGUA
C1095,CHAPELTIQUE
C1096,CAROLINA
C1097,CHINAMECA
C1098,CAROLINA
C1099,CHAPELTIQUE
C1100,CHAPELTIQUE
C1101,CHAPELTIQUE
C1102,CHAPELTIQUE
C1103,CHAPELTIQUE
C1104,GUATAJIAGUA
C1105,CIUDAD BARRIOS
C1106,CHAPELTIQUE
C1107,CHAPELTIQUE
C1108,CHAPELTIQUE
C1109,CHAPELTIQUE
P4,CHAPELTIQUE
C1110,GUATAJIAGUA
C1111,CHAPELTIQUE
C1112,GUATAJIAGUA
C1113,CHAPELTIQUE
C1114,CHAPELTIQUE
C1115,CHAPELTIQUE
C1116,CHAPELTIQUE
C1117,CHAPELTIQUE
C1118,CHAPELTIQUE
C1119,GUATAJIAGUA
C1120,CHAPELTIQUE
C1121,CHAPELTIQUE
C1122,CHAPELTIQUE
C1123,CHAPELTIQUE
C1124,CHAPELTIQUE
C1125,CHAPELTIQUE
C1126,CHAPELTIQUE
C1127,CHAPELTIQUE
C1128,CHAPELTIQUE
C1129,CHAPELTIQUE
C1130,CHAPELTIQUE
C1131,CHAPELTIQUE
C1132,GUATAJIAGUA
P5,CHAPELTIQUE
P6,CHAPELTIQUE
C1133,CHAPELTIQUE
C1134,CHAPELTIQUE
P7,CHAPELTIQUE
C1135,CHAPELTIQUE
C1136,CHAPELTIQUE
C1137,CHAPELTIQUE
C1138,CHAPELTIQUE
C1139,CHAPELTIQUE
C1140,CHAPELTIQUE
C1141,CHAPELTIQUE
C1142,CHAPELTIQUE
C1143,CHAPELTIQUE
C1144,CHAPELTIQUE
C1145,CHAPELTIQUE
C1146,CHAPELTIQUE
C1147,CHAPELTIQUE
C1148,CHAPELTIQUE
C1149,CHAPELTIQUE
C1150,MONCAGUA
C1151,CHAPELTIQUE
C1152,CHAPELTIQUE
C1153,CHAPELTIQUE
C1154,CHAPELTIQUE
C1155,CHAPELTIQUE
C1156,CHAPELTIQUE
P8,CHAPELTIQUE
C1157,CHAPELTIQUE
C1158,CHAPELTIQUE
C1159,CHAPELTIQUE
C1160,CHAPELTIQUE
P9,CHAPELTIQUE
P10,CHAPELTIQUE
C1161,GUATAJIAGUA
C1162,CHAPELTIQUE
C1163,CHAPELTIQUE
C1164,CHAPELTIQUE
C1165,CHAPELTIQUE
C1166,CHAPELTIQUE
C1167,CHAPELTIQUE
C1168,CHAPELTIQUE
C1169,CHAPELTIQUE
C1170,CHAPELTIQUE
C1171,CHAPELTIQUE
C1172,CHAPELTIQUE
C1173,CHAPELTIQUE
C1174,CHAPELTIQUE
C1175,CHAPELTIQUE
C1176,GUATAJIAGUA
C1177,CHAPELTIQUE
C1178,CHAPELTIQUE
C1179,CHAPELTIQUE
P11,CHAPELTIQUE
P12,CHAPELTIQUE
C1180,CHAPELTIQUE
C1181,CHAPELTIQUE
C1182,CHAPELTIQUE
C1183,CHAPELTIQUE
C1184,CHAPELTIQUE
C1185,CHAPELTIQUE
C1186,SESORI
C1187,CHAPELTIQUE
C1188,CHAPELTIQUE
C1189,CHAPELTIQUE
C1190,CHAPELTIQUE
C1191,GUATAJIAGUA
C1192,CHAPELTIQUE
C1193,CHAPELTIQUE
C1194,CHAPELTIQUE
C1195,MONCAGUA
C1196,CHAPELTIQUE
C1197,CHAPELTIQUE
C1198,CHAPELTIQUE
C1199,CAROLINA
C1200,CHAPELTIQUE
C1201,CHAPELTIQUE
C1202,CHAPELTIQUE
C1203,CHAPELTIQUE
C1204,CHAPELTIQUE
C1205,CHAPELTIQUE
C1206,CHAPELTIQUE
C1207,CHAPELTIQUE
C1208,GUATAJIAGUA
C1209,CHAPELTIQUE
C1210,CHAPELTIQUE
C1211,CHAPELTIQUE
C1212,GUATAJIAGUA
C1213,CHAPELTIQUE
C1214,CHAPELTIQUE
C1215,CHAPELTIQUE
C1216,CHAPELTIQUE
C1217,CHAPELTIQUE
C1218,CHAPELTIQUE
C1219,CHAPELTIQUE
C1220,CHAPELTIQUE
C1221,CHAPELTIQUE
C1222,CHAPELTIQUE
C1223,CHAPELTIQUE
C1224,CHAPELTIQUE
C1225,CHAPELTIQUE
C1226,CHAPELTIQUE
C1227,CHAPELTIQUE
C1228,CHAPELTIQUE
C1229,CHAPELTIQUE
P13,CHAPELTIQUE
C1230,CHAPELTIQUE
C1231,CHAPELTIQUE
C1232,CHAPELTIQUE
C1233,CHAPELTIQUE
C1234,CHAPELTIQUE
C1235,CHAPELTIQUE
C1236,CHAPELTIQUE
C1237,CHAPELTIQUE
C1238,CHAPELTIQUE
C1239,GUATAJIAGUA
P14,SAN SALVADOR
C1240,CHAPELTIQUE
C1241,CHAPELTIQUE
C1242,CHAPELTIQUE
C1243,CHAPELTIQUE
C1244,CHAPELTIQUE
C1245,CHAPELTIQUE
C1246,CHAPELTIQUE
C1247,GUATAJIAGUA
P15,CHAPELTIQUE
C1248,CHAPELTIQUE
C1249,CHAPELTIQUE
C1250,CHAPELTIQUE
C1251,CHAPELTIQUE
C1252,CHAPELTIQUE
C1253,CHAPELTIQUE
C1254,CHAPELTIQUE
C1255,GUATAJIAGUA
C1256,CHAPELTIQUE
C1257,CHAPELTIQUE
C1258,CHAPELTIQUE
C1259,CHAPELTIQUE
C1260,CHAPELTIQUE
C1261,CHAPELTIQUE
C1262,CHAPELTIQUE
C1263,CHAPELTIQUE
C1264,CHAPELTIQUE
C1265,CHAPELTIQUE
P16,CHAPELTIQUE
C1266,CHAPELTIQUE
C1267,503013013
C1268,SESORI
C1269,CHAPELTIQUE
C1270,CHAPELTIQUE
C1271,CHAPELTIQUE
C1272,CHAPELTIQUE
C1273,CHAPELTIQUE
C1274,CHAPELTIQUE
C1275,CHAPELTIQUE
C1276,CAROLINA
C1277,CHAPELTIQUE
C1278,CHAPELTIQUE
C1279,CHAPELTIQUE
C1280,CHAPELTIQUE
C1281,CHAPELTIQUE
C1282,CHAPELTIQUE
P17,CHAPELTIQUE
C1283,SESORI
C1284,CHAPELTIQUE
C1285,CHAPELTIQUE
C1286,CHAPELTIQUE
C1287,CHAPELTIQUE
C1288,CHAPELTIQUE
C1289,CHAPELTIQUE
C1290,CHAPELTIQUE
C1291,CHAPELTIQUE
C1292,GUATAJIAGUA
C1293,CIUDAD BARRIOS
C1294,CHAPELTIQUE
C1295,CHAPELTIQUE
C1296,CHAPELTIQUE
C1297,CHAPELTIQUE
C1298,SESORI
C1299,CIUDAD BARRIOS
C1300,CHAPELTIQUE
C1301,GUATAJIAGUA
C1302,CHAPELTIQUE
C1303,CHAPELTIQUE
C1304,GUATAJIAGUA
C1305,CHAPELTIQUE
C1306,CHAPELTIQUE
C1307,GUATAJIAGUA
C1308,CHAPELTIQUE
C1309,CHAPELTIQUE
C1310,CHAPELTIQUE
C1311,CHAPELTIQUE
C1312,CHAPELTIQUE
C1313,CHAPELTIQUE
C1314,CHAPELTIQUE
C1315,CHAPELTIQUE
C1316,CHAPELTIQUE
C1317,CHAPELTIQUE
C1318,CHAPELTIQUE
C1319,CHAPELTIQUE
C1320,CHAPELTIQUE
C1321,CHAPELTIQUE
C1322,CHAPELTIQUE
C1323,CHAPELTIQUE
C1324,CHAPELTIQUE
C1325,CHAPELTIQUE
C1326,CHAPELTIQUE
C1327,CHAPELTIQUE
C1328,CHAPELTIQUE
C1329,CHAPELTIQUE
C1330,CHAPELTIQUE
C1331,CHAPELTIQUE
C1332,CHAPELTIQUE
C1333,CHAPELTIQUE
C1334,CHAPELTIQUE
P18,CHAPELTIQUE
C1335,CHAPELTIQUE
C1336,CHAPELTIQUE
C1337,CHAPELTIQUE
C1338,CHAPELTIQUE
C1339,CHAPELTIQUE
C1340,CHAPELTIQUE
C1341,CHAPELTIQUE
C1342,CHAPELTIQUE
C1343,CHAPELTIQUE
C1344,CIUDAD BARRIOS
C1345,CHAPELTIQUE
C1346,CHAPELTIQUE
C1347,CAROLINA
C1348,GUATAJIAGUA
C1349,CHAPELTIQUE
C1350,CHAPELTIQUE
C1351,CHAPELTIQUE
C1352,CHAPELTIQUE
C1353,CHAPELTIQUE
C1354,CHAPELTIQUE
C1355,GUATAJIAGUA
C1356,CHAPELTIQUE
C1357,CHAPELTIQUE
C1358,CHAPELTIQUE
C1359,SESORI
C1360,CHAPELTIQUE
C1361,CHAPELTIQUE
C1362,CHAPELTIQUE
C1363,CHAPELTIQUE
C1364,CHAPELTIQUE
C1365,503013013
C1366,CHAPELTIQUE
C1367,GUATAJIAGUA
C1368,CHAPELTIQUE
C1369,SAN MIGUEL
C1370,CHAPELTIQUE
C1371,CHAPELTIQUE
C1372,CHAPELTIQUE
C1373,CHAPELTIQUE
C1374,JOATECA
C1375,CHAPELTIQUE
C1376,CHAPELTIQUE
C1377,CHAPELTIQUE
C1378,CHAPELTIQUE
C1379,CHAPELTIQUE
C1380,CHAPELTIQUE
C1381,CHAPELTIQUE
C1382,CHAPELTIQUE
C1383,CHAPELTIQUE
C1384,CHAPELTIQUE
C1385,CHAPELTIQUE
C1386,CHAPELTIQUE
C1387,SESORI
C1388,CHAPELTIQUE
C1389,CHAPELTIQUE
C1390,CHAPELTIQUE
C1391,CHAPELTIQUE
C1392,CHAPELTIQUE
C1393,CHAPELTIQUE
C1394,CHAPELTIQUE
C1395,CHAPELTIQUE
C1396,CHAPELTIQUE
C1397,CHAPELTIQUE
C1398,CHAPELTIQUE
C1399,CHAPELTIQUE
C1400,CHAPELTIQUE
C1401,CHAPELTIQUE
C1402,APASTEPEQUE
C1403,CHAPELTIQUE
C1404,CHAPELTIQUE
C1406,CHAPELTIQUE
C1407,CHAPELTIQUE
C1408,CHAPELTIQUE
C1409,CHAPELTIQUE
C1410,GUATAJIAGUA
C1411,CHAPELTIQUE
C1412,GUATAJIAGUA
C1413,GUATAJIAGUA
C1414,CHAPELTIQUE
C1415,CHAPELTIQUE
C1416,CHAPELTIQUE
C1417,CHAPELTIQUE
C1418,CHAPELTIQUE
C1419,CHAPELTIQUE
C1420,CHAPELTIQUE
C1421,CHAPELTIQUE
C1422,CHAPELTIQUE
C1423,CHAPELTIQUE
0H,CHAPELTIQUE
P19,SAN MIGUEL
C1425,CHAPELTIQUE
C1426,CHAPELTIQUE
C1427,CHAPELTIQUE
C1428,CHAPELTIQUE
C1429,CHAPELTIQUE
C1430,CHAPELTIQUE
C1431,CHAPELTIQUE
C1432,CHAPELTIQUE
C1433,CHAPELTIQUE
C1434,CHAPELTIQUE
0J,CHAPELTIQUE
C1436,CHAPELTIQUE
C1437,CHAPELTIQUE
C1438,CHAPELTIQUE
C1439,CHAPELTIQUE
C1440,CHAPELTIQUE
C1441,CHAPELTIQUE
C1442,CHAPELTIQUE
C1443,CHAPELTIQUE
C1444,CHAPELTIQUE
C1445,CHAPELTIQUE
C1446,CHAPELTIQUE
C1447,CHAPELTIQUE
C1448,CHAPELTIQUE
C1449,CHAPELTIQUE
C1450,CHAPELTIQUE
C1451,CHAPELTIQUE
C1452,CHAPELTIQUE
C1453,CHAPELTIQUE
C1454,CHAPELTIQUE
C1455,CHAPELTIQUE
C1456,CHAPELTIQUE
C1457,CHAPELTIQUE
C1458,CHAPELTIQUE
C1459,CHAPELTIQUE
C1460,CHAPELTIQUE
C1461,GUATAJIAGUA
C1462,CHAPELTIQUE
C1463,CHAPELTIQUE
C1464,CHAPELTIQUE
C1465,CHAPELTIQUE
C1466,CHAPELTIQUE
C1467,CHAPELTIQUE
C1468,CHAPELTIQUE
C1469,CHAPELTIQUE
C1470,GUATAJIAGUA
C1471,CHAPELTIQUE
C1472,CHAPELTIQUE
C1473,CHAPELTIQUE
C1474,503013013
C1475,CHAPELTIQUE
C1476,CHAPELTIQUE
C1477,SESORI
C1478,CHAPELTIQUE
0JJK,CHAPELTIQUE
C1480,CHAPELTIQUE
C1481,CHAPELTIQUE
C1482,CHAPELTIQUE
C1483,CHAPELTIQUE
C1484,CHAPELTIQUE
C1485,CHAPELTIQUE
C1486,CHAPELTIQUE
C1487,CHAPELTIQUE
C1488,SESORI
C1489,CHAPELTIQUE
C1490,GUATAJIAGUA
C1491,CHAPELTIQUE
C1492,CHAPELTIQUE
C1493,CHAPELTIQUE
C1494,GUATAJIAGUA
C1495,CHAPELTIQUE
C1496,CHAPELTIQUE
C1497,CHAPELTIQUE
C1498,CHAPELTIQUE
C1499,CHAPELTIQUE
C1500,CHAPELTIQUE
C1501,CHAPELTIQUE
C1502,CHAPELTIQUE
C1503,CHAPELTIQUE
C1504,CHAPELTIQUE
C1505,CHAPELTIQUE
C1506,CHAPELTIQUE
C1507,CHAPELTIQUE
C1508,CHAPELTIQUE
C1509,CHAPELTIQUE
C1510,CHAPELTIQUE
C1511,CHAPELTIQUE
C1512,GUATAJIAGUA
P20,CHAPELTIQUE
C1513,CHAPELTIQUE
C1514,CHAPELTIQUE
C1515,CHAPELTIQUE
C1516,CHAPELTIQUE
C1517,CHAPELTIQUE
C1518,CHAPELTIQUE
C1519,CHAPELTIQUE
C1520,CHAPELTIQUE
C1521,CHAPELTIQUE
C1522,CHAPELTIQUE
C1523,GUATAJIAGUA
C1524,CHAPELTIQUE
C1525,CHAPELTIQUE
C1526,CHAPELTIQUE
C1527,CHAPELTIQUE
C1528,CHAPELTIQUE
C1529,CHAPELTIQUE
C1530,CHAPELTIQUE
C1531,CHAPELTIQUE
C1532,CHAPELTIQUE
C1533,CHAPELTIQUE
C1534,CHAPELTIQUE
C1535,CHAPELTIQUE
C1536,CHAPELTIQUE
C1537,GUATAJIAGUA
C1538,CHAPELTIQUE
C1539,CHAPELTIQUE
C1540,CHAPELTIQUE
C1541,CHAPELTIQUE
C1542,CHAPELTIQUE
C1543,CHAPELTIQUE
C1544,CHAPELTIQUE
C1545,MONCAGUA
C1546,GUATAJIAGUA
C1547,CHAPELTIQUE
C1548,CHAPELTIQUE
C1549,CHAPELTIQUE
C1550,CHAPELTIQUE
C1551,CHAPELTIQUE
C1552,CHAPELTIQUE
P21,CHAPELTIQUE
C1553,CHAPELTIQUE
C1554,CHAPELTIQUE
C1555,CHAPELTIQUE
C1556,CHAPELTIQUE
C1557,CHAPELTIQUE
C1558,CHAPELTIQUE
C1559,CHAPELTIQUE
C1560,CHAPELTIQUE
C1561,CHAPELTIQUE
C1562,CHAPELTIQUE
C1563,CHAPELTIQUE
C1564,CHAPELTIQUE
C1565,CHAPELTIQUE
C1566,CHAPELTIQUE
C1567,CHAPELTIQUE
C1568,CHAPELTIQUE
C1569,CHAPELTIQUE
C1570,CHAPELTIQUE
C1571,CHAPELTIQUE
C1572,CHAPELTIQUE
C1573,CHAPELTIQUE
C1574,CHAPELTIQUE
C1575,CHAPELTIQUE
C1576,CHAPELTIQUE
C1577,CHINAMECA
C1578,CHAPELTIQUE
C1579,CHAPELTIQUE
C1580,CHAPELTIQUE
C1581,CHAPELTIQUE
C1582,CHAPELTIQUE
C1583,CHAPELTIQUE
1145G,CHAPELTIQUE
C1585,CHAPELTIQUE
C1586,CHAPELTIQUE
C1587,CHAPELTIQUE
C1588,CHAPELTIQUE
C1589,CHAPELTIQUE
C1590,GUATAJIAGUA
C1591,CHAPELTIQUE
C1592,CHAPELTIQUE
C1593,CHAPELTIQUE
C1594,CHAPELTIQUE
C1595,CHAPELTIQUE
C1596,CHAPELTIQUE
C1597,CHAPELTIQUE
C1598,CHAPELTIQUE
C1599,CHAPELTIQUE
C1600,CHAPELTIQUE
C1601,CHAPELTIQUE
C1602,CHAPELTIQUE
C1603,CHAPELTIQUE
C1604,CHAPELTIQUE
C1605,CHAPELTIQUE
C1606,CHAPELTIQUE
C1607,CHAPELTIQUE
C1608,CHAPELTIQUE
C1609,CHAPELTIQUE
C1610,CHAPELTIQUE
C1611,CHAPELTIQUE
C1612,CHAPELTIQUE
P22,CHAPELTIQUE
P23,CHAPELTIQUE
C1613,CHAPELTIQUE
C1614,CHAPELTIQUE
C1615,CHAPELTIQUE
C1616,CHAPELTIQUE
C1617,CHAPELTIQUE
C1618,CHAPELTIQUE
C1619,CHAPELTIQUE
C1620,CHAPELTIQUE
C1621,CAROLINA
C1622,CHAPELTIQUE
C1623,CHAPELTIQUE
C1624,CHAPELTIQUE
C1625,CHAPELTIQUE
C1626,CHAPELTIQUE
C1627,CHAPELTIQUE
C1628,CHAPELTIQUE
C1629,CIUDAD BARRIOS
C1630,CHAPELTIQUE
C1631,CHAPELTIQUE
C1632,CHAPELTIQUE
C1633,CHAPELTIQUE
C1634,CHAPELTIQUE
C1635,CHAPELTIQUE
C1636,CHAPELTIQUE
C1637,CHAPELTIQUE
C1638,CHAPELTIQUE
C1639,CHAPELTIQUE
C1640,CHAPELTIQUE
C1641,CHAPELTIQUE
C1642,CHAPELTIQUE
C1643,CHAPELTIQUE
C1644,CHAPELTIQUE
C1645,CHAPELTIQUE
C1646,CHAPELTIQUE
C1647,SESORI
C1648,CHAPELTIQUE
C1649,GUATAJIAGUA
C1650,CHAPELTIQUE
C1651,CHAPELTIQUE
C1652,CHAPELTIQUE
C1653,CHAPELTIQUE
C1654,CHAPELTIQUE
C1655,CHAPELTIQUE
0HJ,CHAPELTIQUE
C1657,CHAPELTIQUE
C1658,CHAPELTIQUE
P24,CHAPELTIQUE
C1659,CHAPELTIQUE
C1660,CHAPELTIQUE
C1661,CHAPELTIQUE
C1662,CHAPELTIQUE
C1663,CHAPELTIQUE
C1664,CHAPELTIQUE
C1665,CHAPELTIQUE
C1666,CHAPELTIQUE
C1667,CHAPELTIQUE
C1668,CHAPELTIQUE
C1669,CAROLINA
C1670,CHAPELTIQUE
C1671,CHAPELTIQUE
C1672,CHAPELTIQUE
C1673,CHAPELTIQUE
C1674,CHAPELTIQUE
P25,CHAPELTIQUE
C1675,CHAPELTIQUE
C1676,CHAPELTIQUE
C1678,CHAPELTIQUE
C1679,CHAPELTIQUE
C1680,CHAPELTIQUE
C1681,CHAPELTIQUE
C1682,CHAPELTIQUE
C1683,CHAPELTIQUE
C1684,CHAPELTIQUE
C1685,CHAPELTIQUE
C1686,CHAPELTIQUE
C1687,CHAPELTIQUE
C1688,CHAPELTIQUE
C1689,CAROLINA
C1690,CHAPELTIQUE
C1691,CHAPELTIQUE
C1692,CHAPELTIQUE
C1693,CHAPELTIQUE
C1694,SESORI
C1695,CHAPELTIQUE
C1696,CHAPELTIQUE
C1697,CHAPELTIQUE
C1698,CHAPELTIQUE
C1699,CHAPELTIQUE
C1700,CHAPELTIQUE
C1701,CHAPELTIQUE
C1702,CHAPELTIQUE
C1703,CHAPELTIQUE
C1704,CAROLINA
C1705,CHAPELTIQUE
C1706,CHAPELTIQUE
C1707,CHAPELTIQUE
C1708,CHAPELTIQUE
C1709,CHAPELTIQUE
C1710,CHAPELTIQUE
C1711,CHAPELTIQUE
C1712,CHAPELTIQUE
C1713,CHAPELTIQUE
C1714,CHAPELTIQUE
C1715,CHAPELTIQUE
C1716,CHAPELTIQUE
C1717,CHAPELTIQUE
C1718,CHAPELTIQUE
C1719,CHAPELTIQUE
C1720,CHAPELTIQUE
C1721,CHAPELTIQUE
C1722,CHAPELTIQUE
C1723,CHAPELTIQUE
C1724,CHAPELTIQUE
C1725,CHAPELTIQUE
C1726,CHAPELTIQUE
C1727,CHAPELTIQUE
C1728,CHAPELTIQUE
C1729,CHAPELTIQUE
C1730,CHAPELTIQUE
C1731,CHAPELTIQUE
C1732,CHAPELTIQUE
C1733,CHAPELTIQUE
C1734,CHAPELTIQUE
C1735,CHAPELTIQUE
C1736,CHAPELTIQUE
C1737,CHAPELTIQUE
C1738,CHAPELTIQUE
C1739,CHAPELTIQUE
C1740,CHAPELTIQUE
C1741,CHAPELTIQUE
0P,CHAPELTIQUE
C1743,CHAPELTIQUE
C1744,SESORI
C1745,CHAPELTIQUE
C1746,CHAPELTIQUE
C1747,CHAPELTIQUE
C1748,CHAPELTIQUE
C1749,CHAPELTIQUE
C1750,CHAPELTIQUE
C1751,CHAPELTIQUE
C1752,CHAPELTIQUE
C1753,CHAPELTIQUE
C1754,CHAPELTIQUE
C1755,503013013
C1756,CHAPELTIQUE
C1757,CHAPELTIQUE
C1758,CHAPELTIQUE
C1759,CHAPELTIQUE
C1760,CHAPELTIQUE
C1761,CHAPELTIQUE
C1762,CHAPELTIQUE
G,CHAPELTIQUE
L,CHAPELTIQUE
C1765,CHAPELTIQUE
C1766,CHAPELTIQUE
C1767,CHAPELTIQUE
C1768,CHAPELTIQUE
C1769,CHAPELTIQUE
C1770,CHAPELTIQUE
C1771,CHAPELTIQUE
C1772,CHAPELTIQUE
C1773,CHAPELTIQUE
C1774,CHAPELTIQUE
C1775,CHAPELTIQUE
C1776,CHAPELTIQUE
C1777,CHAPELTIQUE
C1778,CHAPELTIQUE
C1779,CHAPELTIQUE
C1780,CHAPELTIQUE
P26,CHAPELTIQUE
C1781,CHAPELTIQUE
C1782,CHAPELTIQUE
C1783,CHAPELTIQUE
C1784,CHAPELTIQUE
C1785,CHAPELTIQUE
C1786,CHAPELTIQUE
C1787,CHAPELTIQUE
C1788,CHAPELTIQUE
C1789,CHAPELTIQUE
C1790,CHAPELTIQUE
C1791,CHAPELTIQUE
C1792,CHAPELTIQUE
C1793,CHAPELTIQUE
C1794,CHAPELTIQUE
C1795,CHAPELTIQUE
C1796,CHAPELTIQUE
C1797,CHAPELTIQUE
P27,CHAPELTIQUE
C1798,CHAPELTIQUE
C1799,CHAPELTIQUE
C1800,CHAPELTIQUE
C1801,CHAPELTIQUE
C1802,CHAPELTIQUE
C1803,CHAPELTIQUE
C1804,CHAPELTIQUE
C1806,CHAPELTIQUE
C1807,CHAPELTIQUE
C1808,CHAPELTIQUE
C1809,CHAPELTIQUE
C1810,CHAPELTIQUE
C1811,CHAPELTIQUE
C1812,CHAPELTIQUE
C1813,CHAPELTIQUE
C1814,CHAPELTIQUE
C1815,CHAPELTIQUE
C1816,CHAPELTIQUE
C1817,CHAPELTIQUE
C1818,CHAPELTIQUE
C1819,CHAPELTIQUE
C1820,CHAPELTIQUE
C1821,CHAPELTIQUE
C1822,CHAPELTIQUE
C1823,CHAPELTIQUE
0A,CHAPELTIQUE
C1826,SESORI
C1827,CHAPELTIQUE
P28,CHAPELTIQUE
C1828,CHAPELTIQUE
C1829,CHAPELTIQUE
C1830,CHAPELTIQUE
C1831,CHAPELTIQUE
C1832,CHAPELTIQUE
C1833,CHAPELTIQUE
C1834,MONCAGUA
C1835,CHAPELTIQUE
C1836,CHAPELTIQUE
C1837,CHAPELTIQUE
C1838,CHAPELTIQUE
C1839,CHAPELTIQUE
0AS,CHAPELTIQUE
C1841,CHAPELTIQUE
C1842,CHAPELTIQUE
P29,CHAPELTIQUE
C1843,SAN LUIS DE LA REINA
C1844,CHAPELTIQUE
C1845,CHAPELTIQUE
C1846,CHAPELTIQUE
C1847,CHAPELTIQUE
C1848,CAROLINA
C1849,CHAPELTIQUE
C1850,CHAPELTIQUE
C1851,SAN JORGE
C1852,SAN GERARDO
C1853,CHAPELTIQUE
C1854,CHAPELTIQUE
C1855,CHAPELTIQUE
C1856,CHAPELTIQUE
C1857,CHAPELTIQUE
C1858,CHAPELTIQUE
C1859,CHAPELTIQUE
C1860,CHAPELTIQUE
C1861,CHAPELTIQUE
C1862,CHAPELTIQUE
C1863,CIUDAD BARRIOS
C1864,CHAPELTIQUE
C1865,CHAPELTIQUE
C1866,CHAPELTIQUE
C1867,CIUDAD BARRIOS
C1868,CHAPELTIQUE
C1869,CHAPELTIQUE
C1870,CHAPELTIQUE
C1871,CIUDAD BARRIOS
C1872,CHAPELTIQUE
C1873,503013013
C1874,CHAPELTIQUE
C1875,CHAPELTIQUE
C1876,CHAPELTIQUE
C1877,CHAPELTIQUE
C1878,CHAPELTIQUE
C1879,CHAPELTIQUE
C1880,CHAPELTIQUE
C1881,CHAPELTIQUE
C1882,CHAPELTIQUE
C1883,CHAPELTIQUE
C1884,CHAPELTIQUE
C1885,CHAPELTIQUE
C1886,CHAPELTIQUE
C1887,MONCAGUA
C1888,CHAPELTIQUE
C1889,CHAPELTIQUE
C1890,CHAPELTIQUE
C1891,CHAPELTIQUE
C1892,CHAPELTIQUE
C1894,CHAPELTIQUE
C1895,CHAPELTIQUE
C1896,CHAPELTIQUE
C1897,CHAPELTIQUE
C1898,CHAPELTIQUE
C1899,CHAPELTIQUE
C1900,CHAPELTIQUE
C1901,CHAPELTIQUE
C1902,CHAPELTIQUE
C1903,CHAPELTIQUE
C1904,CHAPELTIQUE
C1905,CHAPELTIQUE
C1906,CHAPELTIQUE
C1907,CHAPELTIQUE
C1908,CHAPELTIQUE
C1909,CHAPELTIQUE
C1910,CHAPELTIQUE
C1911,CHAPELTIQUE
P30,CHAPELTIQUE
C1912,CHAPELTIQUE
C1913,CHAPELTIQUE
C1914,CHAPELTIQUE
C1915,CHAPELTIQUE
C1916,CHAPELTIQUE
C1917,CHAPELTIQUE
C1918,CHAPELTIQUE
C1919,CHAPELTIQUE
C1920,CHAPELTIQUE
C1921,CHAPELTIQUE
P31,CHAPELTIQUE
C1922,CHAPELTIQUE
C1923,CHAPELTIQUE
C1924,CHAPELTIQUE
C1925,CHAPELTIQUE
C1926,CHAPELTIQUE
C1927,CHAPELTIQUE
C1928,CHAPELTIQUE
C1929,CHAPELTIQUE
C1930,CHAPELTIQUE
C1931,CHAPELTIQUE
C1932,CHAPELTIQUE
C1933,CHAPELTIQUE
C1934,CHAPELTIQUE
C1935,CHAPELTIQUE
C1936,CHAPELTIQUE
C1937,CHAPELTIQUE
C1938,CHAPELTIQUE
C1939,CHAPELTIQUE
C1940,MONCAGUA
C1941,CHAPELTIQUE
C1942,CHAPELTIQUE
C1943,CHAPELTIQUE
C1944,CHAPELTIQUE
C1945,CHAPELTIQUE
C1946,CHAPELTIQUE
C1947,CHAPELTIQUE
C1948,CHAPELTIQUE
C1949,CHAPELTIQUE
C1950,CHAPELTIQUE
C1951,CHAPELTIQUE
C1952,CHAPELTIQUE
C1953,CHAPELTIQUE
C1954,CHAPELTIQUE
C1955,CHAPELTIQUE
C1956,CHAPELTIQUE
C1957,CHAPELTIQUE
C1958,CHAPELTIQUE
C1959,CHAPELTIQUE
C1960,CHAPELTIQUE
C1961,CHAPELTIQUE
C1963,CHAPELTIQUE
C1964,CHAPELTIQUE
C1965,CHAPELTIQUE
P32,CHAPELTIQUE
C1966,CHAPELTIQUE
C1967,CHAPELTIQUE
C1968,CHAPELTIQUE
C1969,CHAPELTIQUE
C1970,CHAPELTIQUE
C1971,CHAPELTIQUE
C1972,CHAPELTIQUE
C1973,CHAPELTIQUE
C1974,CHAPELTIQUE
C1975,CHAPELTIQUE
C1976,CHAPELTIQUE
C1977,CHAPELTIQUE
C1978,CHAPELTIQUE
C1979,CHAPELTIQUE
C1980,CHAPELTIQUE
C1981,CHAPELTIQUE
C1982,SESORI
C1983,CHAPELTIQUE
C1984,CHAPELTIQUE
C1985,CHAPELTIQUE
C1986,CHAPELTIQUE
C1987,CHAPELTIQUE
C1988,CHAPELTIQUE
C1989,CHAPELTIQUE
C1990,CHAPELTIQUE
C1991,CHAPELTIQUE
C1992,CHAPELTIQUE
C1993,CHAPELTIQUE
C1994,CHAPELTIQUE
C1995,GUATAJIAGUA
C1996,CHAPELTIQUE
C1997,CHAPELTIQUE
C1998,CHAPELTIQUE
C1999,CHAPELTIQUE
C2000,CHAPELTIQUE
C2001,CHAPELTIQUE
C2002,CHAPELTIQUE
C2003,CHAPELTIQUE
C2004,CHAPELTIQUE
C2005,CHAPELTIQUE
C2006,CHAPELTIQUE
C2007,CHAPELTIQUE
C2008,CHAPELTIQUE
C2009,CHAPELTIQUE
C2010,CHAPELTIQUE
C2011,CHAPELTIQUE
C2012,CHAPELTIQUE
C2013,CHAPELTIQUE
000,CHAPELTIQUE
C2015,CIUDAD BARRIOS
C2016,CHAPELTIQUE
C2017,CHAPELTIQUE
C2018,CHAPELTIQUE
C2019,CHAPELTIQUE
C2020,CHAPELTIQUE
C2021,CHAPELTIQUE
C2022,CHAPELTIQUE
C2023,CHAPELTIQUE
C2024,CHAPELTIQUE
C2025,CHAPELTIQUE
C2026,CHAPELTIQUE
C2027,CHAPELTIQUE
C2028,CHAPELTIQUE
C2029,CHAPELTIQUE
C2030,CHAPELTIQUE
C2031,CHAPELTIQUE
C2032,CHAPELTIQUE
C2033,CHAPELTIQUE
0JK,CHAPELTIQUE
C2035,CHAPELTIQUE
C2036,CHAPELTIQUE
C2037,CHAPELTIQUE
C2038,CHAPELTIQUE
C2039,CHAPELTIQUE
C2040,CHAPELTIQUE
C2041,CHAPELTIQUE
C2042,CHAPELTIQUE
C2043,CHAPELTIQUE
C2044,CHAPELTIQUE
C2045,CHAPELTIQUE
C2046,CHAPELTIQUE
C2047,CHAPELTIQUE
C2048,CHAPELTIQUE
C2049,CHAPELTIQUE
C2050,CHAPELTIQUE
C2051,CHAPELTIQUE
C2052,CHAPELTIQUE
C2053,CHAPELTIQUE
C2054,CHAPELTIQUE
C2055,CHAPELTIQUE
C2056,CHAPELTIQUE
C2057,CHAPELTIQUE
C2058,CHAPELTIQUE
C2059,CHAPELTIQUE
C2060,CHAPELTIQUE
C2061,CHAPELTIQUE
C2062,CHAPELTIQUE
0555555555,CHAPELTIQUE
C2064,CHAPELTIQUE
C2065,CHAPELTIQUE
C2066,CHAPELTIQUE
0888888888,CHAPELTIQUE
C2068,CHAPELTIQUE
C2069,CHAPELTIQUE
C2070,CHAPELTIQUE
C2071,CHAPELTIQUE
C2072,CHAPELTIQUE
C2073,CHAPELTIQUE
C2074,CHAPELTIQUE
C2075,CHAPELTIQUE
C2076,CHAPELTIQUE
C2077,CHAPELTIQUE
C2078,CHAPELTIQUE
C2079,CHAPELTIQUE
C2080,CHAPELTIQUE
C2081,CHAPELTIQUE
C2082,CHAPELTIQUE
C2083,CHAPELTIQUE
C2084,CHAPELTIQUE
C2085,CHAPELTIQUE
C2086,CHAPELTIQUE
C2087,CHAPELTIQUE
C2088,CHAPELTIQUE
C2089,CHAPELTIQUE
C2090,CHAPELTIQUE
C2091,CHAPELTIQUE
C2092,CHAPELTIQUE
C2093,CHAPELTIQUE
C2094,CHAPELTIQUE
C2095,CHAPELTIQUE
C2096,CHAPELTIQUE
C2097,CHAPELTIQUE
C2098,CHAPELTIQUE
C2099,CHAPELTIQUE
C2100,CHAPELTIQUE
C2101,CHAPELTIQUE
C2102,CHAPELTIQUE
C2103,CHAPELTIQUE
C2104,CHAPELTIQUE
C2105,CHAPELTIQUE
C2106,CHAPELTIQUE
C2107,CHAPELTIQUE
C2108,CHAPELTIQUE
C2109,CHAPELTIQUE
C2110,CHAPELTIQUE
C2111,CHAPELTIQUE
C2112,CHAPELTIQUE
C2113,CAROLINA
C2114,CHAPELTIQUE
C2115,CHAPELTIQUE
C2116,CHAPELTIQUE
C2117,CHAPELTIQUE
C2118,CHAPELTIQUE
C2119,CHAPELTIQUE
C2120,CHAPELTIQUE
C2121,CHAPELTIQUE
C2122,CHAPELTIQUE
C2123,CHAPELTIQUE
C2124,CHAPELTIQUE
C2125,CHAPELTIQUE
C2126,CHAPELTIQUE
C2127,CHAPELTIQUE
C2128,CHAPELTIQUE
C2129,CHAPELTIQUE
C2130,CHAPELTIQUE
C2131,CHAPELTIQUE
C2132,CHAPELTIQUE
C2133,CHAPELTIQUE
C2134,CHAPELTIQUE
C2135,CHAPELTIQUE
C2136,CHAPELTIQUE
C2137,GUATAJIAGUA
C2138,CHAPELTIQUE
C2139,CHAPELTIQUE
C2140,CHAPELTIQUE
C2141,CHAPELTIQUE
C2142,CHAPELTIQUE
C2143,CHAPELTIQUE
C2144,CHAPELTIQUE
C2145,CHAPELTIQUE
C2146,CHAPELTIQUE
C2147,CHAPELTIQUE
P34,CHAPELTIQUE
C2148,CHAPELTIQUE
C2149,CHAPELTIQUE
C2150,CHAPELTIQUE
C2151,CHAPELTIQUE
C2152,CHAPELTIQUE
C2153,CHAPELTIQUE
C2154,CHAPELTIQUE
C2155,CHAPELTIQUE
C2156,CHAPELTIQUE
C2157,CHAPELTIQUE
C2158,CHAPELTIQUE
C2159,CHAPELTIQUE
C2160,CHAPELTIQUE
HHHH,CHAPELTIQUE
C2162,GUATAJIAGUA
C2163,CHAPELTIQUE
C2164,CHAPELTIQUE
C2165,CHAPELTIQUE
C2166,CHAPELTIQUE
C2167,CHAPELTIQUE
C2168,CHAPELTIQUE
C2169,CHAPELTIQUE
C2170,CHAPELTIQUE
C2171,CHAPELTIQUE
C2172,CHAPELTIQUE
C2173,CHAPELTIQUE
C2174,CHAPELTIQUE
C2175,CHAPELTIQUE
0YHJ,CHAPELTIQUE
C2177,CHAPELTIQUE
C2178,CHAPELTIQUE
C2179,CHAPELTIQUE
C2180,CHAPELTIQUE
C2181,CHAPELTIQUE
C2182,CHAPELTIQUE
C2183,CHAPELTIQUE
C2184,CHAPELTIQUE
C2185,CHAPELTIQUE
C2186,CHAPELTIQUE
C2187,CHAPELTIQUE
C2188,CHAPELTIQUE
C2189,CHAPELTIQUE
C2190,503013013
C2191,503013013
C2192,CHAPELTIQUE
C2193,503013013
C2194,CHAPELTIQUE
C2195,CHAPELTIQUE
C2196,CHAPELTIQUE
C2197,CHAPELTIQUE
C2300,CHAPELTIQUE
C2198,CHAPELTIQUE
C2199,CHAPELTIQUE
C2200,CHAPELTIQUE
C2201,CHAPELTIQUE
C2202,503013013
C2203,CHAPELTIQUE
C2204,CHAPELTIQUE
C2205,CHAPELTIQUE
C2206,CHAPELTIQUE
C2207,CHAPELTIQUE
C2208,CHAPELTIQUE
C2209,CHAPELTIQUE
C2210,CHAPELTIQUE
C2211,CHAPELTIQUE
C2212,CHAPELTIQUE
05645,MONCAGUA
C2213,CHAPELTIQUE
C2214,MONCAGUA
C2215,503013013
P35,CHAPELTIQUE
C2216,CHAPELTIQUE
C2217,503013013
P36,CHAPELTIQUE
C2218,CHAPELTIQUE
C2219,GUATAJIAGUA
C2220,GUATAJIAGUA
C2221,CHAPELTIQUE
C2222,SANTA ELENA
C2223,CHAPELTIQUE
C2224,CHAPELTIQUE
C2225,CHAPELTIQUE
C2226,CHAPELTIQUE
C2227,CHAPELTIQUE
C2228,CHAPELTIQUE
C2229,CHAPELTIQUE
C2230,CHAPELTIQUE
C0306,CHAPELTIQUE
C2231,CHAPELTIQUE
C2232,CHAPELTIQUE
C2233,503013013
C2234,CHAPELTIQUE
C2235,CHAPELTIQUE
C2236,CHAPELTIQUE
C2237,CHAPELTIQUE
C2238,503013013
C2239,CHAPELTIQUE
C2240,CHAPELTIQUE
C2241,CHAPELTIQUE
C2242,SAN MIGUEL
0LJ,CHAPELTIQUE
C2243,CIUDAD BARRIOS
C2244,CHAPELTIQUE
C2245,503013013
C2246,CHAPELTIQUE
C2247,CHAPELTIQUE
C2248,CHAPELTIQUE
C2249,CHAPELTIQUE
C2250,CHAPELTIQUE
C2251,CHAPELTIQUE
C2252,503013013
0F,CHAPELTIQUE
C2253,CHAPELTIQUE
P37,CHAPELTIQUE
C2254,CHAPELTIQUE
C2255,CHAPELTIQUE
C2256,CHAPELTIQUE
P38,CHAPELTIQUE
C2257,CIUDAD BARRIOS
C2258,CHAPELTIQUE
P39,CHAPELTIQUE
C2259,CHAPELTIQUE
C2260,CHAPELTIQUE
C2261,503013013
C2262,CHAPELTIQUE
C2263,CHAPELTIQUE
C2264,CHAPELTIQUE
C2265,CHAPELTIQUE
C2266,CHAPELTIQUE
C2267,CHAPELTIQUE
C2270,CHAPELTIQUE
C2271,CHAPELTIQUE
C2273,CHAPELTIQUE
C2274,CHAPELTIQUE
C2275,503013013
C2276,CHAPELTIQUE
C2277,CHAPELTIQUE
C2278,CHAPELTIQUE
C2279,CHAPELTIQUE
C2280,503013013
C2281,CHAPELTIQUE
0GBFV,CHAPELTIQUE
C2283,CHAPELTIQUE
C2284,CHAPELTIQUE
C2285,CHAPELTIQUE
C2286,CHAPELTIQUE
C2287,CHAPELTIQUE
C2288,CHAPELTIQUE
C2289,CHAPELTIQUE
C2290,CHAPELTIQUE
C2291,CHAPELTIQUE
C2292,CHAPELTIQUE
C2293,CHAPELTIQUE
P40,CHAPELTIQUE
C2294,CHAPELTIQUE
C2295,CHAPELTIQUE
C2296,CHAPELTIQUE
C2297,503013013
C2298,CHAPELTIQUE
P41,CHAPELTIQUE
C2299,CHAPELTIQUE
C2302,CHAPELTIQUE
C2303,CHAPELTIQUE
C2304,CHAPELTIQUE
B2303,CHAPELTIQUE
B2304,CHAPELTIQUE
0Ã‘,CHAPELTIQUE
C2306,CHAPELTIQUE
P42,CHAPELTIQUE
C2307,CHAPELTIQUE
B307,CHAPELTIQUE
B308,CHAPELTIQUE
C2309,CHAPELTIQUE
C2310,503013013
P43,CHAPELTIQUE
C2311,CHAPELTIQUE
C2312,CHAPELTIQUE
B2313,CHAPELTIQUE
C2314,CHAPELTIQUE
C2315,CHAPELTIQUE
B2315,CHAPELTIQUE
C2317,CHAPELTIQUE
C2318,CHAPELTIQUE
C2319,CHAPELTIQUE
P44,CHAPELTIQUE
C2320,CAROLINA
C2321,CHAPELTIQUE
C2322,CHAPELTIQUE
C2323,CHAPELTIQUE
B2324,CHAPELTIQUE
C2325,CHAPELTIQUE
C2326,CHAPELTIQUE
C2327,CHAPELTIQUE
C2328,CHAPELTIQUE
C2329,CHAPELTIQUE
C2330,CHAPELTIQUE
C2331,CHAPELTIQUE
C2332,CAROLINA
C2333,CHAPELTIQUE
C2334,CHAPELTIQUE
C2335,CHAPELTIQUE
C2336,CHAPELTIQUE
C2337,CHAPELTIQUE
C2338,CHAPELTIQUE
C2339,CHAPELTIQUE
C2340,CHAPELTIQUE
C2341,CHAPELTIQUE
C2342,CHAPELTIQUE
C2343,CHAPELTIQUE
C2344,CHAPELTIQUE
C2345,CHAPELTIQUE
C2346,CHAPELTIQUE
C2347,CHAPELTIQUE
C2348,CHAPELTIQUE
C2349,CIUDAD BARRIOS
C2350,CHAPELTIQUE
C2351,CHAPELTIQUE
C2352,CHAPELTIQUE
C2353,CHAPELTIQUE
C2354,CHAPELTIQUE
C2355,CHAPELTIQUE
C2356,CHAPELTIQUE
C2357,CHAPELTIQUE
C2358,CHAPELTIQUE
C2360,CHAPELTIQUE
C2361,CHAPELTIQUE
C2362,CHAPELTIQUE
C2363,CHAPELTIQUE
C2364,CHAPELTIQUE
C2365,CHAPELTIQUE
C2366,503013013
C2367,CHAPELTIQUE
C2368,CHAPELTIQUE
C2369,503013013
C2370,CHAPELTIQUE
C2371,CHAPELTIQUE
C2373,CHAPELTIQUE
C2374,CHAPELTIQUE
C2375,CHAPELTIQUE
025,CHAPELTIQUE
C2377,503013013
C2378,CHAPELTIQUE
C2379,CHAPELTIQUE
C2380,CHAPELTIQUE
C2381,503013013
C2382,CHAPELTIQUE
C2383,CHAPELTIQUE
C2384,CHAPELTIQUE
C2385,503013013
C2386,CHAPELTIQUE
C2387,CHAPELTIQUE
C2388,CHAPELTIQUE
C2389,CHAPELTIQUE
C2391,CHAPELTIQUE
C2392,CHAPELTIQUE
C2393,CHAPELTIQUE
C2394,CHAPELTIQUE
C2395,CHAPELTIQUE
C2396,CHAPELTIQUE
C2397,CHAPELTIQUE
C2398,CHAPELTIQUE
C2399,CHAPELTIQUE
C2400,CHAPELTIQUE
C2401,503013013
C2402,CHAPELTIQUE
C2403,CHAPELTIQUE
C2404,CHAPELTIQUE
C2405,CHAPELTIQUE
C2406,CHAPELTIQUE
C2407,CHAPELTIQUE
C2408,CHAPELTIQUE
C2409,CHAPELTIQUE
C2410,503013013
C2411,CHAPELTIQUE
C2412,503013013
C2413,CHAPELTIQUE
C2414,CHAPELTIQUE
C2415,CHAPELTIQUE
C2416,CHAPELTIQUE
C2417,CHAPELTIQUE
P45,CHAPELTIQUE
C2418,503013013
C2419,CHAPELTIQUE
0ASD,CHAPELTIQUE
C2421,CHAPELTIQUE
C2422,CHAPELTIQUE
C2423,CHAPELTIQUE
P46,CHAPELTIQUE
C2424,503013013
C2425,CHAPELTIQUE
C2426,CHAPELTIQUE
C2427,CHAPELTIQUE
C2428,CAROLINA
C2429,CHAPELTIQUE
C2430,CHAPELTIQUE
C2431,CHAPELTIQUE
0DG,CHAPELTIQUE
C2433,CIUDAD BARRIOS
P47,CHAPELTIQUE
C2434,CIUDAD BARRIOS
C2435,CHAPELTIQUE
C2436,CHAPELTIQUE
C2437,CHAPELTIQUE
C2438,CHAPELTIQUE
C2439,CHAPELTIQUE
C2440,CHAPELTIQUE
C2441,CHAPELTIQUE
C2442,CHAPELTIQUE
C2443,CHAPELTIQUE
C2444,CHAPELTIQUE
C2445,CHAPELTIQUE
C2446,CHAPELTIQUE
C2447,CHAPELTIQUE
C2448,CHAPELTIQUE
C2449,CHAPELTIQUE
C2450,CHAPELTIQUE
C2451,CHAPELTIQUE
C2452,CHAPELTIQUE
C2453,CHAPELTIQUE
C2454,CHAPELTIQUE
C2455,CHAPELTIQUE
C2456,CHAPELTIQUE
C2457,CHAPELTIQUE
C2458,CHAPELTIQUE
C2459,CHAPELTIQUE
C2460,CHAPELTIQUE
C2461,CHAPELTIQUE
C2462,CHAPELTIQUE
C2463,CHAPELTIQUE
C2464,CHAPELTIQUE
C2465,CHAPELTIQUE
C2466,CHAPELTIQUE
C2467,CHAPELTIQUE
C2468,CHAPELTIQUE
C2469,CHAPELTIQUE
C2470,CHAPELTIQUE
C2471,CHAPELTIQUE
C2472,CHAPELTIQUE
C2473,CHAPELTIQUE
C2474,CHAPELTIQUE
C2475,CHAPELTIQUE
C2476,CHAPELTIQUE
C2477,CHAPELTIQUE
C2478,CHAPELTIQUE
C2479,CHAPELTIQUE
C2480,CHAPELTIQUE
C2481,CHAPELTIQUE
C2482,CHAPELTIQUE
C2483,CHAPELTIQUE
C2484,CHAPELTIQUE
C2485,CHAPELTIQUE
C2486,CHAPELTIQUE
C2487,CHAPELTIQUE
C2488,CHAPELTIQUE
C2489,CHAPELTIQUE
P48,CHAPELTIQUE
C2490,CHAPELTIQUE
C2491,CHAPELTIQUE
C2492,CHAPELTIQUE
P49,CHAPELTIQUE
C2493,CHAPELTIQUE
C2494,CHAPELTIQUE
C2495,CHAPELTIQUE
C2496,CHAPELTIQUE
C2497,CHAPELTIQUE
MARIA TERE,CHAPELTIQUE
C2499,CHAPELTIQUE
C2500,CHAPELTIQUE
C2501,CHAPELTIQUE
C2502,CHAPELTIQUE
C2503,CHAPELTIQUE
C2504,CHAPELTIQUE
C2505,CHAPELTIQUE
C2506,CHAPELTIQUE
C2507,CHAPELTIQUE
C2508,CHAPELTIQUE
C2509,CHAPELTIQUE
C2510,CHAPELTIQUE
C2511,CHAPELTIQUE
C2512,CHAPELTIQUE
C2513,CHAPELTIQUE
C2514,CHAPELTIQUE
C2515,CHAPELTIQUE
C2516,CHAPELTIQUE
C2517,CHAPELTIQUE
C2518,CHAPELTIQUE
C2519,CHAPELTIQUE
C2520,CHAPELTIQUE
C2521,CHAPELTIQUE
C2522,CHAPELTIQUE
C2523,CHAPELTIQUE
P50,CHAPELTIQUE
C2524,CHAPELTIQUE
C2525,CHAPELTIQUE
C2526,CHAPELTIQUE
C2527,CHAPELTIQUE
C2528,CHAPELTIQUE
C2529,CHAPELTIQUE
C2530,CHAPELTIQUE
C2531,CHAPELTIQUE
C2532,CHAPELTIQUE
C2533,CHAPELTIQUE
C2534,CHAPELTIQUE
C2535,CHAPELTIQUE
C2536,CHAPELTIQUE
C2537,CHAPELTIQUE
C2538,CHAPELTIQUE
C2539,CHAPELTIQUE
C2540,CHAPELTIQUE
C2541,CHAPELTIQUE
C2542,CHAPELTIQUE
C2543,CHAPELTIQUE
C2544,CHAPELTIQUE
0,CHAPELTIQUE
C2546,CHAPELTIQUE
P2596,CHAPELTIQUE
C2547,CHAPELTIQUE
C2548,CHAPELTIQUE
C2549,CHAPELTIQUE
C2550,CHAPELTIQUE
C2551,GUATAJIAGUA
C2552,CHAPELTIQUE
C2553,CHAPELTIQUE
C2554,CHAPELTIQUE
C2555,CHAPELTIQUE
P52,CHAPELTIQUE
C2607,CAROLINA
P53,CHAPELTIQUE
C2556,CHAPELTIQUE
C2557,CHAPELTIQUE
C2558,CHAPELTIQUE
C2559,CHAPELTIQUE
C2560,CHAPELTIQUE
C2561,SAN MIGUEL
C2562,CHAPELTIQUE
C2563,CHAPELTIQUE
C2564,CHAPELTIQUE
C2565,CHAPELTIQUE
C2566,CHAPELTIQUE
MIGUEL ANG,CHAPELTIQUE
C2568,CHAPELTIQUE
C2569,CHAPELTIQUE
C2570,CHAPELTIQUE
C2571,CHAPELTIQUE
C2572,CHAPELTIQUE
C2573,CHAPELTIQUE
C2574,CHAPELTIQUE
C2575,CHAPELTIQUE
C2576,CHAPELTIQUE
C2577,CHAPELTIQUE
C2578,CHAPELTIQUE
C2579,CHAPELTIQUE
C2580,CHAPELTIQUE
C2581,CHAPELTIQUE
C2582,CHAPELTIQUE
C2583,CHAPELTIQUE
C2584,CHAPELTIQUE
C2585,CHAPELTIQUE
P54,CHAPELTIQUE
C2586,CHAPELTIQUE
C2587,CHAPELTIQUE
C2588,CHAPELTIQUE
P55,CHAPELTIQUE
C2589,CHAPELTIQUE
C2590,CHAPELTIQUE
C2591,CHAPELTIQUE
C2592,CHAPELTIQUE
C2593,CHAPELTIQUE
C2594,CHAPELTIQUE
C2595,CHAPELTIQUE
C2596,CHAPELTIQUE
C2597,CHAPELTIQUE
C2598,CHAPELTIQUE
C2599,CHAPELTIQUE
C2600,CHAPELTIQUE
C2601,CHAPELTIQUE
C2602,CHAPELTIQUE
C2603,CHAPELTIQUE
C2604,CHAPELTIQUE
C2605,CAROLINA
C2606,CHAPELTIQUE
C2608,CHAPELTIQUE
C2609,CHAPELTIQUE
C2665,CHAPELTIQUE
C2610,CHAPELTIQUE
C2611,CHAPELTIQUE
C2612,CHAPELTIQUE
C2613,CHAPELTIQUE
C2614,CHAPELTIQUE
C2615,CHAPELTIQUE
C2616,CHAPELTIQUE
C2,CHAPELTIQUE
C2618,CHAPELTIQUE
C2619,CHAPELTIQUE
C2620,CHAPELTIQUE
C2621,CHAPELTIQUE
C2622,CHAPELTIQUE
C2623,CHAPELTIQUE
C2624,CHAPELTIQUE
C2625,CHAPELTIQUE
C2626,CHAPELTIQUE
C2627,CHAPELTIQUE
C2628,CHAPELTIQUE
C2629,CHAPELTIQUE
C2630,CHAPELTIQUE
C2631,CHAPELTIQUE
C2632,CHAPELTIQUE
C2633,CHAPELTIQUE
C2634,CHAPELTIQUE
C2635,CHAPELTIQUE
C2636,CHAPELTIQUE
C2637,CHAPELTIQUE
C2638,CHAPELTIQUE
C2639,CHAPELTIQUE
C2640,CHAPELTIQUE
C2641,CHAPELTIQUE
C2642,CHAPELTIQUE
C2643,CHAPELTIQUE
C2644,CHAPELTIQUE
C2645,CHAPELTIQUE
C2646,CHAPELTIQUE
C2647,CHAPELTIQUE
C2648,CHAPELTIQUE
C2649,CHAPELTIQUE
C2650,CHAPELTIQUE
C2651,CHAPELTIQUE
C2652,CHAPELTIQUE
C2653,CHAPELTIQUE
C2654,CHAPELTIQUE
C2655,CHAPELTIQUE
C2656,CHAPELTIQUE
C2657,CHAPELTIQUE
C2658,CHAPELTIQUE
C2659,CHAPELTIQUE
C2660,CHAPELTIQUE
C2661,CHAPELTIQUE
C2662,CHAPELTIQUE
C2663,CHAPELTIQUE
C2664,CHAPELTIQUE
C2666,CHAPELTIQUE
C2667,CHAPELTIQUE
C2668,CHAPELTIQUE
C2669,CHAPELTIQUE
C2670,CHAPELTIQUE
C2671,CHAPELTIQUE
C2672,CHAPELTIQUE
C2728,CHAPELTIQUE
C2673,CHAPELTIQUE
C2674,CHAPELTIQUE
C2675,CHAPELTIQUE
C2676,CHAPELTIQUE
C2677,CHAPELTIQUE
C2678,CHAPELTIQUE
C2679,CHAPELTIQUE
C2680,CHAPELTIQUE
C2681,CHAPELTIQUE
C2682,CHAPELTIQUE
C2683,CHAPELTIQUE
C2684,CHAPELTIQUE
C2685,CHAPELTIQUE
C2686,CHAPELTIQUE
C2687,CHAPELTIQUE
C2688,CHAPELTIQUE
C2689,CHAPELTIQUE
C2690,CHAPELTIQUE
C2691,CHAPELTIQUE
C2692,CHAPELTIQUE
C2693,CHAPELTIQUE
C2694,CHAPELTIQUE
C2695,CHAPELTIQUE
C2696,CHAPELTIQUE
C2697,CHAPELTIQUE
C2698,CHAPELTIQUE
C2699,CHAPELTIQUE
C2700,CHAPELTIQUE
C2701,CHAPELTIQUE
C2702,CHAPELTIQUE
C2703,CHAPELTIQUE
C2704,CHAPELTIQUE
C2705,CHAPELTIQUE
C2706,CHAPELTIQUE
C2707,CHAPELTIQUE
C2708,CHAPELTIQUE
C2709,CHAPELTIQUE
C2710,CHAPELTIQUE
C2711,CHAPELTIQUE
C2712,CHAPELTIQUE
C2713,CHAPELTIQUE
C2714,CHAPELTIQUE
C2715,CHAPELTIQUE
C2716,CHAPELTIQUE
C2717,CHAPELTIQUE
P56,CHAPELTIQUE
P57,CHAPELTIQUE
C2718,CHAPELTIQUE
C2719,CHAPELTIQUE
C2720,CHAPELTIQUE
C2721,CHAPELTIQUE
C2722,CHAPELTIQUE
C2723,CHAPELTIQUE
C2724,CHAPELTIQUE
C2725,CHAPELTIQUE
C2729,CHAPELTIQUE
C2730,CHAPELTIQUE
C2732,CHAPELTIQUE
C2787,CHAPELTIQUE
C2788,CHAPELTIQUE
C2731,CHAPELTIQUE
C2733,CHAPELTIQUE
C2791,CHAPELTIQUE
C2734,CHAPELTIQUE
C2735,CHAPELTIQUE
C2736,CHAPELTIQUE
C2737,CHAPELTIQUE
C2738,CHAPELTIQUE
C2739,CHAPELTIQUE
C2740,CHAPELTIQUE
C2741,CHAPELTIQUE
C2742,CHAPELTIQUE
C2743,CHAPELTIQUE
C2744,CHAPELTIQUE
C2745,CHAPELTIQUE
C2746,CHAPELTIQUE
C2747,CHAPELTIQUE
C2748,CHAPELTIQUE
C2749,CHAPELTIQUE
C2750,CHAPELTIQUE
C2751,CHAPELTIQUE
C2752,CHAPELTIQUE
C2753,CHAPELTIQUE
C2754,CHAPELTIQUE
C2755,CHAPELTIQUE
C2756,CHAPELTIQUE
C2757,CHAPELTIQUE
C2758,CHAPELTIQUE
C2759,CHAPELTIQUE
C2760,CHAPELTIQUE
C2761,CHAPELTIQUE
C2762,CHAPELTIQUE
C2763,CHAPELTIQUE
C2764,CHAPELTIQUE
C2765,CHAPELTIQUE
C2766,CHAPELTIQUE
C2767,CHAPELTIQUE
C2768,CHAPELTIQUE
C2769,CHAPELTIQUE
C2770,CHAPELTIQUE
C2771,CHAPELTIQUE
C2772,CHAPELTIQUE
C2773,CHAPELTIQUE
C2774,CHAPELTIQUE
C2775,CHAPELTIQUE
C2776,CHAPELTIQUE
C2777,CHAPELTIQUE
C2778,CHAPELTIQUE
C2779,CHAPELTIQUE
C2780,CHAPELTIQUE
C2781,CHAPELTIQUE
C2782,CHAPELTIQUE
C2783,CHAPELTIQUE
C2784,CHAPELTIQUE
C2785,CHAPELTIQUE
C2786,CHAPELTIQUE
C2789,CHAPELTIQUE
C2790,CHAPELTIQUE
C2792,CHAPELTIQUE
C2793,CHAPELTIQUE
C2794,CHAPELTIQUE
C2850,CHAPELTIQUE
C2795,CHAPELTIQUE
C2852,CHAPELTIQUE
C2853,CHAPELTIQUE
C2796,CHAPELTIQUE
C2797,CHAPELTIQUE
C2798,CHAPELTIQUE
C2799,CHAPELTIQUE
C2800,CHAPELTIQUE
C2801,CHAPELTIQUE
C2802,CHAPELTIQUE
C2803,CHAPELTIQUE
C2804,CHAPELTIQUE
C2805,CHAPELTIQUE
C2806,CHAPELTIQUE
C2807,CHAPELTIQUE
C2808,CHAPELTIQUE
C2809,CHAPELTIQUE
C2810,CHAPELTIQUE
C2811,CHAPELTIQUE
C2812,CHAPELTIQUE
C2813,CHAPELTIQUE
C2814,CHAPELTIQUE
C2815,CHAPELTIQUE
C2816,CHAPELTIQUE
C2817,CHAPELTIQUE
C2818,CHAPELTIQUE
C2819,CHAPELTIQUE
C2820,CHAPELTIQUE
C2821,CHAPELTIQUE
C2822,CHAPELTIQUE
C2823,CHAPELTIQUE
C2824,CHAPELTIQUE
C2825,CHAPELTIQUE
C2826,CHAPELTIQUE
C2827,CHAPELTIQUE
C2828,CHAPELTIQUE
C2829,CHAPELTIQUE
C2830,CHAPELTIQUE
C2831,CHAPELTIQUE
C2832,CHAPELTIQUE
C2833,CHAPELTIQUE
C2834,CHAPELTIQUE
C2835,CHAPELTIQUE
C2836,CHAPELTIQUE
C2837,CHAPELTIQUE
C2838,CHAPELTIQUE
C2839,CHAPELTIQUE
C2840,CHAPELTIQUE
C2841,CHAPELTIQUE
C2842,CHAPELTIQUE
C2843,CHAPELTIQUE
C2844,CHAPELTIQUE
C2845,CHAPELTIQUE
C2846,CHAPELTIQUE
C2847,CHAPELTIQUE
C2848,CHAPELTIQUE
C2849,CHAPELTIQUE
C2908,CHAPELTIQUE
C2851,CHAPELTIQUE
C2910,CHAPELTIQUE
C2854,CHAPELTIQUE
C2855,CHAPELTIQUE
C2913,CHAPELTIQUE
C2856,CHAPELTIQUE
C2857,CHAPELTIQUE
C2858,CHAPELTIQUE
C2859,CHAPELTIQUE
C2860,CHAPELTIQUE
C2861,CHAPELTIQUE
C28,CHAPELTIQUE
C2863,CHAPELTIQUE
C2864,CHAPELTIQUE
C2865,CHAPELTIQUE
C2866,CHAPELTIQUE
C2867,CHAPELTIQUE
C2868,CHAPELTIQUE
C2869,CHAPELTIQUE
C2870,CHAPELTIQUE
C2871,CHAPELTIQUE
C2872,CHAPELTIQUE
C2873,CHAPELTIQUE
C2874,CHAPELTIQUE
C2875,CHAPELTIQUE
C2876,CHAPELTIQUE
C2877,CHAPELTIQUE
C2878,CHAPELTIQUE
P58,CHAPELTIQUE
C2879,CHAPELTIQUE
C2880,CHAPELTIQUE
C2881,CHAPELTIQUE
C2882,CHAPELTIQUE
C2883,CHAPELTIQUE
C2884,CHAPELTIQUE
C2885,CHAPELTIQUE
C2886,CHAPELTIQUE
C2887,CHAPELTIQUE
C2888,CHAPELTIQUE
C2889,CHAPELTIQUE
C2890,CHAPELTIQUE
C2891,CHAPELTIQUE
C2892,CHAPELTIQUE
C2893,CHAPELTIQUE
C2894,CHAPELTIQUE
C2895,CHAPELTIQUE
C2896,CHAPELTIQUE
C2897,CHAPELTIQUE
C2898,CHAPELTIQUE
C2899,CHAPELTIQUE
C2900,CHAPELTIQUE
C2901,CHAPELTIQUE
C2902,CHAPELTIQUE
C2903,CHAPELTIQUE
C2904,CHAPELTIQUE
C2905,CHAPELTIQUE
C2906,CHAPELTIQUE
C2907,CHAPELTIQUE
C2909,CHAPELTIQUE
C2967,CHAPELTIQUE
C2968,CHAPELTIQUE
C2911,CHAPELTIQUE
C2912,CHAPELTIQUE
C2971,CHAPELTIQUE
C2914,CHAPELTIQUE
C2915,CHAPELTIQUE
P59,CHAPELTIQUE
C2916,CHAPELTIQUE
C2917,CHAPELTIQUE
C2918,CHAPELTIQUE
C2919,CHAPELTIQUE
C2920,CHAPELTIQUE
C2921,CHAPELTIQUE
C2922,CHAPELTIQUE
C2923,CHAPELTIQUE
C2924,CHAPELTIQUE
C2925,CHAPELTIQUE
C2926,CHAPELTIQUE
C2927,CHAPELTIQUE
C2928,CHAPELTIQUE
C2929,CHAPELTIQUE
C2930,CHAPELTIQUE
C2931,CHAPELTIQUE
C2932,CHAPELTIQUE
C2933,CHAPELTIQUE
C2934,CHAPELTIQUE
C2935,CHAPELTIQUE
C2936,CHAPELTIQUE
C2937,CHAPELTIQUE
C2938,CHAPELTIQUE
C2939,CHAPELTIQUE
C2940,CHAPELTIQUE
C2941,CHAPELTIQUE
C2942,CHAPELTIQUE
C2943,CHAPELTIQUE
C2944,CHAPELTIQUE
C2945,CHAPELTIQUE
C2946,CHAPELTIQUE
C2947,CHAPELTIQUE
C2948,CHAPELTIQUE
C2949,CHAPELTIQUE
C2950,CHAPELTIQUE
C2951,CHAPELTIQUE
C2952,CHAPELTIQUE
C2953,CHAPELTIQUE
C2954,CHAPELTIQUE
C2955,CHAPELTIQUE
C2956,CHAPELTIQUE
C2957,CHAPELTIQUE
C2958,CHAPELTIQUE
C2959,CHAPELTIQUE
P60,CHAPELTIQUE
C2960,CHAPELTIQUE
C2961,CHAPELTIQUE
C2962,CHAPELTIQUE
C2963,CHAPELTIQUE
C2964,CHAPELTIQUE
C2965,CHAPELTIQUE
C2966,CHAPELTIQUE
C3027,CHAPELTIQUE
C2969,CHAPELTIQUE
C2970,CHAPELTIQUE
C2972,CHAPELTIQUE
C2973,CHAPELTIQUE
C2974,CHAPELTIQUE
C3033,CHAPELTIQUE
C3034,CHAPELTIQUE
C2975,SAN MIGUEL
C2976,CHAPELTIQUE
C2977,CHAPELTIQUE
C2978,CHAPELTIQUE
C2979,CHAPELTIQUE
C2980,CHAPELTIQUE
C2981,CHAPELTIQUE
C2982,CHAPELTIQUE
C2983,CHAPELTIQUE
C2984,CHAPELTIQUE
C2985,CHAPELTIQUE
C2986,CHAPELTIQUE
C2987,CHAPELTIQUE
C2988,CHAPELTIQUE
C2989,CHAPELTIQUE
C2990,CHAPELTIQUE
C2991,CHAPELTIQUE
C2992,CAROLINA
C2993,CHAPELTIQUE
C2994,CHAPELTIQUE
C2995,CHAPELTIQUE
C2996,CHAPELTIQUE
C2997,CHAPELTIQUE
C2998,CHAPELTIQUE
C2999,CHAPELTIQUE
C3000,CHAPELTIQUE
C3001,CHAPELTIQUE
C3002,CHAPELTIQUE
C3003,CHAPELTIQUE
C3004,CHAPELTIQUE
C3005,CHAPELTIQUE
C3006,CHAPELTIQUE
C3007,CHAPELTIQUE
C3008,CHAPELTIQUE
C3009,CHAPELTIQUE
C3010,CAROLINA
C3011,CHAPELTIQUE
C3012,CHAPELTIQUE
C3013,CHAPELTIQUE
C3014,CHAPELTIQUE
C3015,CHAPELTIQUE
C3016,CHAPELTIQUE
C3017,CHAPELTIQUE
C3018,CHAPELTIQUE
P61,CHAPELTIQUE
C3019,CHAPELTIQUE
C3020,CHAPELTIQUE
C3021,CHAPELTIQUE
C3022,CHAPELTIQUE
C3023,CHAPELTIQUE
C3024,CHAPELTIQUE
C3025,CHAPELTIQUE
C3026,CHAPELTIQUE
C3088,CHAPELTIQUE
C3028,CHAPELTIQUE
C3029,CHAPELTIQUE
C3030,CHAPELTIQUE
C3031,CHAPELTIQUE
C3032,CHAPELTIQUE
C3094,CHAPELTIQUE
C3035,CHAPELTIQUE
C3036,CHAPELTIQUE
C3037,CHAPELTIQUE
C3038,CHAPELTIQUE
C3099,CHAPELTIQUE
C3039,CHAPELTIQUE
C3040,CHAPELTIQUE
C3041,CHAPELTIQUE
C3042,CHAPELTIQUE
C3043,CHAPELTIQUE
C3044,CHAPELTIQUE
C3045,CHAPELTIQUE
C3046,CHAPELTIQUE
C3047,CHAPELTIQUE
C3048,CHAPELTIQUE
P62,CHAPELTIQUE
C3049,CHAPELTIQUE
C3050,CHAPELTIQUE
C3051,SAN MIGUEL
C3052,CHAPELTIQUE
C3053,CHAPELTIQUE
C3054,CHAPELTIQUE
C3055,CHAPELTIQUE
C3056,CHAPELTIQUE
C3057,CHAPELTIQUE
C3058,CHAPELTIQUE
C3059,CHAPELTIQUE
C3060,CHAPELTIQUE
C3061,CHAPELTIQUE
C3062,CHAPELTIQUE
C3063,CHAPELTIQUE
C3064,CHAPELTIQUE
C3065,CHAPELTIQUE
C3066,CHAPELTIQUE
C3067,CHAPELTIQUE
C3068,CHAPELTIQUE
C3069,CHAPELTIQUE
C3070,CHAPELTIQUE
C3071,CHAPELTIQUE
C3072,CHAPELTIQUE
C3073,CHAPELTIQUE
C3074,CHAPELTIQUE
C3075,CHAPELTIQUE
C3076,CHAPELTIQUE
C3077,CHAPELTIQUE
C3078,CHAPELTIQUE
C3079,CHAPELTIQUE
C3080,CHAPELTIQUE
C3081,CHAPELTIQUE
C3082,CHAPELTIQUE
C3083,CHAPELTIQUE
C3084,CHAPELTIQUE
C3085,CHAPELTIQUE
C3086,CHAPELTIQUE
C3087,CHAPELTIQUE
C3150,CHAPELTIQUE
C3089,CHAPELTIQUE
C3090,CHAPELTIQUE
C3091,CHAPELTIQUE
C3092,CHAPELTIQUE
C3093,CHAPELTIQUE
C3095,CHAPELTIQUE
C3096,CHAPELTIQUE
C3097,CHAPELTIQUE
C3159,CHAPELTIQUE
C3098,CHAPELTIQUE
C3100,CHAPELTIQUE
C3101,CHAPELTIQUE
C3102,CHAPELTIQUE
C3164,CHAPELTIQUE
C3103,CHAPELTIQUE
C3104,CHAPELTIQUE
C3105,CHAPELTIQUE
C3106,CHAPELTIQUE
C3107,CHAPELTIQUE
C3108,CHAPELTIQUE
C3109,CHAPELTIQUE
C3110,CHAPELTIQUE
C3111,CHAPELTIQUE
C3112,CHAPELTIQUE
C3113,CHAPELTIQUE
C3114,CHAPELTIQUE
C3115,CHAPELTIQUE
C3116,CHAPELTIQUE
C3117,CHAPELTIQUE
C3118,CHAPELTIQUE
C3119,CHAPELTIQUE
C3120,CHAPELTIQUE
C3121,CHAPELTIQUE
C3122,CHAPELTIQUE
C3123,CHAPELTIQUE
C3124,CHAPELTIQUE
C3125,CHAPELTIQUE
C3126,CHAPELTIQUE
C3127,CHAPELTIQUE
C3128,CHAPELTIQUE
C3129,CHAPELTIQUE
C3130,CHAPELTIQUE
C3131,CHAPELTIQUE
C3132,CHAPELTIQUE
C3133,CHAPELTIQUE
C3134,CHAPELTIQUE
C3135,CHAPELTIQUE
C3136,CHAPELTIQUE
C3137,CHAPELTIQUE
C3138,CHAPELTIQUE
C3139,CHAPELTIQUE
C3140,CHAPELTIQUE
C3141,CHAPELTIQUE
C3142,CHAPELTIQUE
C3143,CHAPELTIQUE
C3144,CHAPELTIQUE
C3145,CHAPELTIQUE
C3146,CHAPELTIQUE
C3147,CHAPELTIQUE
C3148,CHAPELTIQUE
C3149,CHAPELTIQUE
C3151,CHAPELTIQUE
C3152,CHAPELTIQUE
C3214,CHAPELTIQUE
C3153,CHAPELTIQUE
C3154,CHAPELTIQUE
C3155,CHAPELTIQUE
C3156,CHAPELTIQUE
C3157,CHAPELTIQUE
C3158,CHAPELTIQUE
C3160,CHAPELTIQUE
C3222,CHAPELTIQUE
C3161,CHAPELTIQUE
C3162,CHAPELTIQUE
C3163,CHAPELTIQUE
C3226,CHAPELTIQUE
C3165,CHAPELTIQUE
C3166,CHAPELTIQUE
C3167,CHAPELTIQUE
C3168,CHAPELTIQUE
C3169,CHAPELTIQUE
C3170,CHAPELTIQUE
C3171,CHAPELTIQUE
C3172,CHAPELTIQUE
C3173,CHAPELTIQUE
C3174,CHAPELTIQUE
C3175,CHAPELTIQUE
C3176,CHAPELTIQUE
C3177,CIUDAD BARRIOS
C3178,CHAPELTIQUE
C3179,CHAPELTIQUE
C3180,CHAPELTIQUE
C3181,CHAPELTIQUE
C3182,CHAPELTIQUE
C3183,CHAPELTIQUE
C3184,CHAPELTIQUE
C3185,CHAPELTIQUE
C3186,CHAPELTIQUE
C3187,CHAPELTIQUE
C3188,CHAPELTIQUE
C3189,CHAPELTIQUE
C3190,CHAPELTIQUE
C3191,CHAPELTIQUE
C3192,CHAPELTIQUE
C3193,CHAPELTIQUE
C3194,CHAPELTIQUE
C3195,CHAPELTIQUE
C3196,CHAPELTIQUE
C3197,CHAPELTIQUE
C3198,CHAPELTIQUE
C3199,CHAPELTIQUE
C3200,CHAPELTIQUE
C3201,CHAPELTIQUE
C3202,CHAPELTIQUE
C3203,CHAPELTIQUE
C3204,CHAPELTIQUE
C3205,CHAPELTIQUE
C3206,CHAPELTIQUE
C3207,CHAPELTIQUE
C3208,CHAPELTIQUE
C3209,CHAPELTIQUE
C3210,CHAPELTIQUE
C3211,CHAPELTIQUE
C3212,CHAPELTIQUE
C3213,CHAPELTIQUE
C3215,CHAPELTIQUE
C3216,CHAPELTIQUE
C3217,CHAPELTIQUE
C3218,CHAPELTIQUE
C3280,CHAPELTIQUE
C3219,CHAPELTIQUE
C3220,CHAPELTIQUE
C3221,CHAPELTIQUE
C3284,CHAPELTIQUE
C3223,CHAPELTIQUE
C3224,CHAPELTIQUE
C3225,CHAPELTIQUE
C3288,CHAPELTIQUE
C3227,CHAPELTIQUE
C3228,CHAPELTIQUE
C3229,CHAPELTIQUE
C3230,CHAPELTIQUE
C3231,CHAPELTIQUE
C3232,CHAPELTIQUE
C3233,CHAPELTIQUE
C3234,CHAPELTIQUE
C3235,CHAPELTIQUE
C3236,CHAPELTIQUE
C3237,CHAPELTIQUE
C3238,CHAPELTIQUE
C3239,CHAPELTIQUE
C3240,CHAPELTIQUE
C3241,CHAPELTIQUE
C3242,CHAPELTIQUE
C3243,CHAPELTIQUE
C3244,CHAPELTIQUE
C3245,CHAPELTIQUE
C3246,CHAPELTIQUE
C3247,CHAPELTIQUE
C3248,CHAPELTIQUE
C3249,CHAPELTIQUE
C3250,CHAPELTIQUE
C3251,CHAPELTIQUE
C3252,CHAPELTIQUE
C3253,CHAPELTIQUE
C3254,CHAPELTIQUE
C3255,CHAPELTIQUE
C3256,CHAPELTIQUE
C3257,CHAPELTIQUE
C3258,CHAPELTIQUE
C3259,CHAPELTIQUE
C3260,CHAPELTIQUE
C3261,CHAPELTIQUE
C3262,CHAPELTIQUE
C3263,CHAPELTIQUE
C3264,CIUDAD BARRIOS
C3265,CHAPELTIQUE
C3266,CHAPELTIQUE
C3267,CHAPELTIQUE
C3268,CHAPELTIQUE
C3269,CIUDAD BARRIOS
C3270,CHAPELTIQUE
C3271,CHAPELTIQUE
C3272,CHAPELTIQUE
C3273,CHAPELTIQUE
C3274,CHAPELTIQUE
C3275,CHAPELTIQUE
C3276,CHAPELTIQUE
C3277,CHAPELTIQUE
C3278,CHAPELTIQUE
C3279,CHAPELTIQUE
C3281,CHAPELTIQUE
C3282,CHAPELTIQUE
C3283,CHAPELTIQUE
C3285,CHAPELTIQUE
C3286,CHAPELTIQUE
C3287,CHAPELTIQUE
C3348,CHAPELTIQUE
C3349,CHAPELTIQUE
C3289,CHAPELTIQUE
C3351,CHAPELTIQUE
C3290,CHAPELTIQUE
C3291,CHAPELTIQUE
C3292,CHAPELTIQUE
C3293,CHAPELTIQUE
C3294,CHAPELTIQUE
C3295,CHAPELTIQUE
C3296,CHAPELTIQUE
C3297,CHAPELTIQUE
C3298,CHAPELTIQUE
C3299,CHAPELTIQUE
C3300,CHAPELTIQUE
C3301,CHAPELTIQUE
C3302,CHAPELTIQUE
C3303,CHAPELTIQUE
C3304,CHAPELTIQUE
C3305,CHAPELTIQUE
C3306,CHAPELTIQUE
C3307,CHAPELTIQUE
C3308,CHAPELTIQUE
C3309,CHAPELTIQUE
C3310,SAN MIGUEL
C3311,CHAPELTIQUE
C3312,CHAPELTIQUE
C3313,CHAPELTIQUE
C3314,CHAPELTIQUE
C3315,CHAPELTIQUE
C3316,CHAPELTIQUE
C3317,CHAPELTIQUE
C3318,CHAPELTIQUE
C3319,CHAPELTIQUE
C3320,CHAPELTIQUE
C3321,CHAPELTIQUE
C3322,CHAPELTIQUE
C3323,CHAPELTIQUE
C3324,CHAPELTIQUE
C3325,CHAPELTIQUE
C3326,CHAPELTIQUE
C3327,CHAPELTIQUE
C3328,CHAPELTIQUE
C3329,CHAPELTIQUE
C3330,CHAPELTIQUE
C3331,CHAPELTIQUE
C3332,CHAPELTIQUE
C3333,CHAPELTIQUE
C3334,CHAPELTIQUE
C3335,CHAPELTIQUE
C3336,CHAPELTIQUE
C3337,CHAPELTIQUE
C3338,CHAPELTIQUE
C3339,CHAPELTIQUE
C3340,CHAPELTIQUE
C3341,CHAPELTIQUE
C3342,CHAPELTIQUE
C3343,CHAPELTIQUE
C3344,CHAPELTIQUE
C3345,CHAPELTIQUE
C3346,CHAPELTIQUE
C3347,CHAPELTIQUE
C3350,CHAPELTIQUE
C3352,CHAPELTIQUE
C3353,CHAPELTIQUE
C3354,CHAPELTIQUE
C3355,CHAPELTIQUE
C3356,CHAPELTIQUE
C3357,CHAPELTIQUE
C3358,CHAPELTIQUE
C3359,CHAPELTIQUE
C3360,CHAPELTIQUE
C3361,CHAPELTIQUE
C3362,CHAPELTIQUE
C3363,CHAPELTIQUE
C3364,CHAPELTIQUE
C3365,CHAPELTIQUE
C3366,CHAPELTIQUE
C3367,CHAPELTIQUE
C3368,CHAPELTIQUE
C3369,CHAPELTIQUE
C3429,CHAPELTIQUE
C3370,CHAPELTIQUE
C3371,CHAPELTIQUE
C3372,CHAPELTIQUE
C3373,CHAPELTIQUE
C3374,CHAPELTIQUE
C3375,CHAPELTIQUE
C3376,CHAPELTIQUE
C3377,CHAPELTIQUE
C3378,CHAPELTIQUE
C3379,CHAPELTIQUE
C3380,CHAPELTIQUE
C3381,CHAPELTIQUE
C3382,CHAPELTIQUE
C3383,CHAPELTIQUE
C3384,CHAPELTIQUE
C3385,CHAPELTIQUE
C3386,CHAPELTIQUE
C3387,CHAPELTIQUE
C3388,CHAPELTIQUE
C3389,CHAPELTIQUE
C3390,CHAPELTIQUE
C3391,CHAPELTIQUE
C3392,CHAPELTIQUE
C3393,CHAPELTIQUE
C3394,CHAPELTIQUE
C3395,CHAPELTIQUE
C3396,CHAPELTIQUE
C3397,CHAPELTIQUE
C3398,CHAPELTIQUE
C3399,CHAPELTIQUE
C3400,CHAPELTIQUE
C3401,CHAPELTIQUE
C3402,CHAPELTIQUE
C3403,CHAPELTIQUE
C3464,CHAPELTIQUE
C3404,CHAPELTIQUE
C3405,CHAPELTIQUE
C3406,CHAPELTIQUE
C3407,CHAPELTIQUE
C3469,CHAPELTIQUE
C3408,SESORI
C3409,CHAPELTIQUE
C3410,CHAPELTIQUE
C3411,CHAPELTIQUE
C3412,CHAPELTIQUE
C3413,CHAPELTIQUE
P63,CHAPELTIQUE
C3414,CHAPELTIQUE
C3415,CHAPELTIQUE
C3416,CHAPELTIQUE
C3417,CHAPELTIQUE
C3418,CHAPELTIQUE
C3419,CHAPELTIQUE
C3420,CHAPELTIQUE
C3421,CHAPELTIQUE
C3422,CHAPELTIQUE
C3423,CHAPELTIQUE
C3424,CHAPELTIQUE
C3425,CHAPELTIQUE
C3426,CHAPELTIQUE
C3427,CHAPELTIQUE
C3428,CHAPELTIQUE
C3430,CHAPELTIQUE
P64,CHAPELTIQUE
C3431,CHAPELTIQUE
C3432,CHAPELTIQUE
C3433,CHAPELTIQUE
C3434,CHAPELTIQUE
C3435,CHAPELTIQUE
C3436,CHAPELTIQUE
C3437,CHAPELTIQUE
C3438,CHAPELTIQUE
C3439,CHAPELTIQUE
C3440,CHAPELTIQUE
C3441,CHAPELTIQUE
C3442,CHAPELTIQUE
C3443,CHAPELTIQUE
C3444,CHAPELTIQUE
C3445,CHAPELTIQUE
C3446,CHAPELTIQUE
C3447,CHAPELTIQUE
C3448,CIUDAD BARRIOS
C3512,CHAPELTIQUE
C3449,CHAPELTIQUE
C3450,CHAPELTIQUE
C3451,CHAPELTIQUE
C777,CHAPELTIQUE
C3453,CHAPELTIQUE
C3454,CHAPELTIQUE
C3455,CHAPELTIQUE
C3456,CIUDAD BARRIOS
C3457,CHAPELTIQUE
C3458,CHAPELTIQUE
C3459,CHAPELTIQUE
C3460,CHAPELTIQUE
C3461,CHAPELTIQUE
C3462,CHAPELTIQUE
C3463,CHAPELTIQUE
C3465,CHAPELTIQUE
P65,CHAPELTIQUE
C3530,CHAPELTIQUE
C3466,CHAPELTIQUE
P66,CHAPELTIQUE
C3467,CHAPELTIQUE
C3468,CIUDAD BARRIOS
C3470,CHAPELTIQUE
C3536,CHAPELTIQUE
C3471,CHAPELTIQUE
C3472,CHAPELTIQUE
C3473,CHAPELTIQUE
C3474,CHAPELTIQUE
C3475,CHAPELTIQUE
C3476,CHAPELTIQUE
C3477,CHAPELTIQUE
C3478,CHAPELTIQUE
P67,CHAPELTIQUE
C3479,CHAPELTIQUE
C3480,CHAPELTIQUE
C3481,CHAPELTIQUE
C3482,CHAPELTIQUE
C3483,CHAPELTIQUE
C3484,CHAPELTIQUE
C3485,CHAPELTIQUE
C3486,CHAPELTIQUE
C3487,CHAPELTIQUE
C3488,CHAPELTIQUE
C3489,CHAPELTIQUE
C3490,CHAPELTIQUE
C3491,CHAPELTIQUE
C3492,CHAPELTIQUE
C3493,CHAPELTIQUE
C3494,CHAPELTIQUE
C3495,CHAPELTIQUE
C3496,CHAPELTIQUE
C3497,CHAPELTIQUE
C3498,CHAPELTIQUE
C3499,CHAPELTIQUE
C3500,CHAPELTIQUE
C3501,CHAPELTIQUE
C3502,CHAPELTIQUE
C3503,CHAPELTIQUE
C3504,CHAPELTIQUE
C3505,CHAPELTIQUE
C3506,CHAPELTIQUE
C3507,CHAPELTIQUE
C3508,CHAPELTIQUE
C3509,CHAPELTIQUE
C3510,CHAPELTIQUE
C3511,CHAPELTIQUE
C3579,CHAPELTIQUE
C3513,CHAPELTIQUE
C3514,CHAPELTIQUE
C3515,CHAPELTIQUE
C3516,CAROLINA
C3517,CHAPELTIQUE
C3518,CHAPELTIQUE
C3519,CHAPELTIQUE
C3520,CHAPELTIQUE
C3521,CHAPELTIQUE
C3522,CHAPELTIQUE
C3523,CHAPELTIQUE
C3524,CHAPELTIQUE
C3525,CHAPELTIQUE
C3526,CHAPELTIQUE
C3527,CHAPELTIQUE
C3528,CHAPELTIQUE
P68,CHAPELTIQUE
C3529,CHAPELTIQUE
C3531,CHAPELTIQUE
C3599,CHAPELTIQUE
C3532,CHAPELTIQUE
C3533,CHAPELTIQUE
C3534,CHAPELTIQUE
C3535,CHAPELTIQUE
C3604,CHAPELTIQUE
C3537,CHAPELTIQUE
C3538,CHAPELTIQUE
C3539,CHAPELTIQUE
C3540,CHAPELTIQUE
C3541,CHAPELTIQUE
C3542,CHAPELTIQUE
C3543,CHAPELTIQUE
MEIBY PARA,503013013
C3545,CHAPELTIQUE
C3546,CHAPELTIQUE
C3547,CHAPELTIQUE
C3548,CHAPELTIQUE
C3549,CHAPELTIQUE
C3550,CHAPELTIQUE
C3551,CHAPELTIQUE
C3552,CHAPELTIQUE
C3553,CHAPELTIQUE
C3554,CHAPELTIQUE
C3555,CHAPELTIQUE
C3556,CHAPELTIQUE
C3557,CAROLINA
C3558,CHAPELTIQUE
C3559,CHAPELTIQUE
C3560,CHAPELTIQUE
C3561,CHAPELTIQUE
C3562,CHAPELTIQUE
C3563,CHAPELTIQUE
C3564,CHAPELTIQUE
C3565,CHAPELTIQUE
C3566,CHAPELTIQUE
C3567,CHAPELTIQUE
C3568,CHAPELTIQUE
C3569,CHAPELTIQUE
C3570,CHAPELTIQUE
C3571,CHAPELTIQUE
C3572,CHAPELTIQUE
C3573,CHAPELTIQUE
C3574,CHAPELTIQUE
C3575,CHAPELTIQUE